,source,target,value
0,Google,Search,1
0,Bloomberg's Alix Steel,Paul Sweeney,2
1,Bloomberg Intelligence,Paul Sweeney,2
2,Bloomberg Intelligence,Gina Champion-Cain,2
3,Gina Champion-Cain,San Diego,3
4,Ponzi,San Diego,2
5,Ponzi,UK Passengers Return,2
6,UK Passengers Return,Work Israel’s,3
7,Eyes Measures,Work Israel’s,3
8,Boost Competition Lagarde,Eyes Measures,3
9,Appeal Endures Bank,Boost Competition Lagarde,2
10,Appeal Endures Bank,China,3
11,China,Extending Incentive Offers,3
12,Extending Incentive Offers,US,3
13,David Beckham,US,3
14,David Beckham,Ukraine,1
15,Nancy Pelosi’s,Ukraine,3
16,Nancy Pelosi’s,Republican,3
17,Republican,the Eastern Front Futuristic,3
18,China,the Eastern Front Futuristic,3
19,China,US,2
20,New York City,US,2
21,ARKK,New York City,2
22,ARKK,Federal Reserve,2
0,TWTR,Twitter,2
1,TWTR,Tesla,2
2,Tesla,the Federal Reserve,3
3,Beijing,the Federal Reserve,2
4,Beijing,Washington,12
5,Tesla,Washington,3
6,Chinese,Tesla,6
7,Chinese,Shanghai,3
8,Shanghai,Tesla,13
9,China,Tesla,24
10,China,the Shanghai Gigafactory,3
11,China,Shanghai,11
12,CCP,China,5
13,CCP,Sino-American,3
14,Sino-American,the White House,2
15,National Security Strategy,the White House,3
16,China,National Security Strategy,3
17,Beijing,Tesla,4
18,American,Washington,3
19,American,Tesla,2
20,China,Washington,3
21,Biden,Tesla,2
22,Biden,China,3
23,China,NVDA,2
24,Apple (AAPL,NVDA,3
25,Apple (AAPL,Tesla,2
26,Sino-American,Tesla,7
27,China,Chinese,2
28,China,Xinhua Daily Telegraph,3
29,Tesla,Xinhua Daily Telegraph,3
30,CCP,Shanghai,3
31,Shanghai,Tesla’s Gigafactory,5
32,Beijing,Shanghai,3
33,Shanghai,Washington,2
34,Tesla,the White House,5
35,China,Tesla’s,5
36,Chinese,Tesla’s,3
37,Chinese,NIO (NIO,3
38,NIO (NIO,Nvidia’s,3
39,Nvidia’s,Samsung,2
40,China,Samsung,3
41,AI,Shanghai,2
42,AI,China,2
43,China,Sheffield Hallam University,3
44,Sheffield Hallam University,Tesla,3
45,Tesla,the Uyghur Forced Labor Prevention Act,3
46,the Senate Finance Committee,the Uyghur Forced Labor Prevention Act,2
47,Tesla,the Senate Finance Committee,3
48,China,Mexico,2
49,Fremont,Mexico,3
50,Fremont,TSMC,3
51,TSM,TSMC,3
52,Arizona,TSM,3
53,Arizona,China,2
54,China,Sino-American,3
55,Tesla,Twitter,5
56,Crimea,Tesla,2
57,Crimea,Russia,3
58,Russia,Taiwan,3
59,China,Taiwan,3
60,Tesla,Tesla’s,2
61,BlackSquare Capital,Tesla,1
62,BlackSquare Capital,Bohdan Kucheriavyi,3
63,BlackSquare Capital,He's/It's,2
0,EV,Tesla,1
1,EV,U.S.,1
2,Tesla,U.S.,2
3,Apple,Tesla,3
4,Apple,EV,2
5,EV,Volkswagen,2
6,Visual Capitalist's,Volkswagen,1
7,Marcus Lu,Visual Capitalist's,3
8,EPA,Marcus Lu,3
9,Automotive Trends Report,EPA,3
10,Automotive Trends Report,EV,1
11,EV,PHEV,3
12,Toyota,U.S.,3
13,EV,Toyota,3
14,EV,Jeep,2
15,Jeep,Ram,3
16,Carlos Tavares,Ram,2
17,Carlos Tavares,Volkswagen,1
18,Buzz,Volkswagen,1
19,Buzz,Microbus,3
20,Ford,Microbus,2
21,EV,Ford,3
22,EV,Mustang Mach-E,2
23,Ford,Mustang Mach-E,2
24,F-150 Lightning,Ford,3
25,F-150 Lightning,Rivian,1
26,Ford,Rivian,3
27,Ford,Zerohedge.com,2
28,Oilprice.com,Zerohedge.com,2
29,Oilprice.com,U.S.,3
30,China,U.S.,3
31,China,Congo,3
0,TSLA,Tesla Inc.,1
1,Investing.com,TSLA,4
2,Morgan Stanley,TSLA,2
3,Morgan Stanley,Tesla,7
4,Reuters,Tesla,1
5,Reuters,SA News SA News,2
6,CNN Business,SA News SA News,2
7,CNN Business,TrendSpider,2
8,TrendSpider,TrendSpider.com,3
9,Musk,TrendSpider,2
10,Tesla,TrendSpider,2
11,Musk,Tesla,3
12,Musk,SocialSentiment.io,2
13,RSI,SocialSentiment.io,2
14,MA Distance,RSI,3
15,MA Distance,TrendSpider,3
16,Shanghai,Tesla,3
17,Michael Burry,Shanghai,2
18,Alpha,Michael Burry,3
19,Alpha,Toyota Motor,3
20,Ford,Toyota Motor,3
21,Ford,Morgan Stanley,1
22,Adam Jonas,Morgan Stanley,1
23,Adam Jonas,CFA,3
24,CFA,Evan Silverberg,6
25,CFA,Tesla,3
26,EV,Tesla,7
27,EV,Porsche,2
28,Porsche,eFuels,3
29,China,eFuels,3
30,China,the United States,3
31,Tesla,the United States,3
32,Ford,Tesla,6
33,EV,General Motors,3
34,GM,General Motors,3
35,Ford,GM,3
36,EV,Ford,3
37,MS,Morgan Stanley,2
38,DCF,MS,2
39,DCF,Morgan Stanley,3
40,China,WACC,3
41,China,the International Monetary Fund,2
42,MS,the International Monetary Fund,1
43,MS,Tesla's Auto Business,3
44,Networks Services,Tesla's Auto Business,1
45,MS,Networks Services,3
46,MS,WACC,2
47,Morgan Stanley's,WACC,3
48,Morgan Stanley's,Tesla,1
49,FY2023,Tesla,4
50,SA,Tesla,9
51,EPS,SA,1
52,EPS,YCharts,5
53,EPS,FY2023 and FY2024,3
54,FY2023 and FY2024,Tesla,2
55,Elon,Tesla,5
56,Microsoft,Tesla,2
57,Alpha,Microsoft,3
58,Alpha,MSFT,9
59,MSFT,Tesla,3
60,Tesla,WACC,3
61,Musk,WACC,2
62,"Tesla, Inc.",U.S.,3
63,Beyond the Wall Investing,Singapore,1
64,BS,Singapore,1
65,BS,Finance,3
66,Finance,Initial Public Offerings,2
67,Initial Public Offerings,KNN,2
68,AI,KNN,2
69,AI,Ranked,1
70,Oakoff Investments,Ranked,2
0,Elon Musk,Tesla,1
1,Elon Musk,Zachary Kirkhorn,1
2,TSLA,Zachary Kirkhorn,2
3,TSLA,the US Securities and Exchange Commission,2
4,SEC,the US Securities and Exchange Commission,3
5,Kirkhorn,SEC,3
6,CFO,Kirkhorn,2
7,CFO,TSLA,3
8,Kirkhorn,TSLA,2
9,Kirkhorn,Kirkrhon,2
10,Kirkrhon,Tesla,2
11,EV,Tesla,3
12,CFO,EV,3
13,CFO,Tesla’s,1
14,Cybertruck,Tesla’s,2
15,Cybertruck,Project Highland,3
16,Project Highland,Tesla,2
17,Musk,Tesla,5
18,Porsche,Tesla China,2
19,Shanghai,Tesla China,3
20,Q4,Shanghai,2
0,Dow,the S&P 500's,2
1,Dow,Nasdaq,3
2,Nasdaq,Tesla,1
3,Tesla,the Zacks Consensus Estimate,1
4,Zacks Consensus Estimates,the Zacks Consensus Estimate,2
5,Tesla,Zacks Consensus Estimates,1
6,Zacks Rank,the Zacks Rank,1
7,Zacks Rank,the Zacks Consensus EPS,3
8,Tesla,Zacks Rank,2
9,TSLA,Tesla,2
10,PEG,TSLA,2
11,Automotive - Domestic,PEG,2
12,Automotive - Domestic,The Automotive - Domestic,2
13,The Automotive - Domestic,Zacks Industry Rank,2
14,The Zacks Industry Rank,Zacks Industry Rank,2
15,The Zacks Industry Rank,Zacks Rank,3
16,Zacks Rank,Zacks.com,1
17,Zacks Investment Research,Zacks.com,2
18,"Tesla, Inc.",Zacks Investment Research,1
19,"Tesla, Inc.",Zacks.com,2
20,Zacks Investment Research Related Quotes,Zacks.com,2
0,Tesla,Twitter,13
1,China,Twitter,8
2,China,Tesla,20
3,EV,Tesla,31
4,Tesla,YCharts,21
5,Model,Tesla,6
6,Tesla,Twitter Spaces,3
7,Electrek Additionally,Twitter Spaces,2
8,Electrek Additionally,Tesla,3
9,China,EV,2
10,Shanghai Gigafactory,Tesla,4
11,Shanghai,Tesla,5
12,Chinese,Tesla,6
13,EPS,EV,3
14,EPS,Tesla,2
15,Cybertruck,YCharts,3
16,China,Cybertruck,3
17,FY 2022,Tesla,5
18,Cybertruck,Tesla,5
19,Lucid Group,Tesla,6
20,Tesla,YCharts Right,5
21,RSI,Tesla,5
0,EV,Tesla,1
1,EV,Morgan Stanley,1
2,CNN,Morgan Stanley,1
3,CNN,Gordon Johnson,3
4,Gordon Johnson,Tesla,3
5,Johnson,Tesla,4
6,Germany,Tesla,3
7,Germany,Texas,3
8,China,Texas,2
9,China,Covid,3
10,Covid,US,2
11,Moustache Coffee Club,Terms of Service,1
12,Terms of Service,the Amazon Services LLC Associates Program,2
13,Amazon.com,the Amazon Services LLC Associates Program,3
14,Amazon.com,Privacy Policy,1
0,Bloomberg's Alix Steel,Paul Sweeney,2
1,Bloomberg Intelligence,Paul Sweeney,2
2,Bloomberg Intelligence,Gina Champion-Cain,2
3,Gina Champion-Cain,San Diego,3
4,Ponzi,San Diego,2
5,Ponzi,UK Passengers Return,2
6,UK Passengers Return,Work Israel’s,3
7,Eyes Measures,Work Israel’s,3
8,Boost Competition Lagarde,Eyes Measures,3
9,Appeal Endures Bank,Boost Competition Lagarde,2
10,Appeal Endures Bank,China,3
11,China,Extending Incentive Offers,3
12,Extending Incentive Offers,US,3
13,David Beckham,US,3
14,David Beckham,Ukraine,1
15,Nancy Pelosi’s,Ukraine,3
16,Nancy Pelosi’s,Republican,3
17,Republican,the Eastern Front Futuristic,3
18,China,the Eastern Front Futuristic,3
19,China,US,2
20,New York City,US,2
21,Farah Elbahrawy,New York City,3
22,Farah Elbahrawy,Tesla Inc.,3
23,Tesla Inc.,Vanda Research,2
0,Baltimore,N. Charles St,6
1,Baltimore,MD,6
2,MD,Tesla,2
3,Shutterstock.com,Tesla,6
4,EV,Tesla,9
5,EV,Twitter,1
6,Tesla,Twitter,1
7,Barron’s,Tesla,2
8,Barron’s,EV,2
9,Chinese,Tesla,8
10,Chinese,NIO (NIO,3
11,NIO (NIO,Nio,2
12,Nio,Tesla,3
13,China,EV,3
14,China,Tesla,2
15,Shanghai,Tesla,2
16,Shanghai,the Wall Street Journal,2
17,Tesla’s,the Wall Street Journal,3
18,Shanghai,Tesla’s,3
19,EV,Nio,3
20,Samuel O’Brient,Tesla,1
21,EV,Samuel O’Brient,2
22,EV,TipRanks,2
23,InvestorPlace Media,TipRanks,2
24,FinancialContent Services,InvestorPlace Media,3
25,FinancialContent Services,Nasdaq,1
0,Elon Musk,Tesla,6
1,Elon Musk,Tesla’s,1
2,Tesla’s,Twitter,2
3,Tesla,Twitter,9
4,Elon Btw,Tesla,1
5,Model,Tesla,4
6,Tesla,the United States,3
7,Canada,the United States,3
8,Canada,Tesla,1
9,Giga Berlin,Tesla,2
10,Giga Berlin,Larry Goldberg,2
11,Larry Goldberg,Tesla,3
12,Elon Musk,Omar,3
13,Omar,Tesla,1
14,Google News,Tesla,3
15,Flipboard,Google News,2
16,Flipboard,Iqtidar,2
17,Iqtidar,Tesla,3
18,Elon Musk,XAutoWorld.com,3
19,CleanTechnica,XAutoWorld.com,3
20,CleanTechnica,InsideEVs,3
21,InsideEVs,Tesla,3
22,Social Media,Tesla,3
23,Iqtidar,Social Media,2
24,Elon,Iqtidar,3
25,Elon,Tesla,1
26,Tesla,Tesla Inc.,2
0,LBMZ Securities,ZacksTrade,5
1,Zacks.com,ZacksTrade,4
2,Cancel Image,ZacksTrade,1
3,Cancel Image,HOG,3
4,HOG,Zacks Equity Research,2
5,Zacks Equity Research,Zacks Equity Research Tale,3
6,Zacks Equity Research Tale,the Tape Tesla,3
7,EV,Tesla,2
8,EV,Santa Claus,1
9,Musk,Santa Claus,2
10,China,Musk,3
11,EPS,Tesla,3
12,Tesla,Zacks Rank,2
13,Tesla,the Zacks Automotive - Domestic,3
14,Harley-Davidson,the Zacks Automotive - Domestic,2
15,HOG,Harley-Davidson,4
16,EPS,Harley-Davidson,4
17,Harley-Davidson,Zacks Rank,3
18,"HarleyDavidson, Inc.",Zacks Rank,2
19,HOG,"HarleyDavidson, Inc.",3
20,HOG,"Tesla, Inc.",3
21,"Tesla, Inc.",Zacks Rank,2
22,FREE,Zacks Rank,1
23,Dow Jones & Company,Microsoft Corporation,3
24,Dow Jones & Company,"Nasdaq, Inc.",3
25,Forbes Media,"Nasdaq, Inc.",3
26,Forbes Media,Investor's Business Daily,3
27,Investor's Business Daily,"Morningstar,",3
28,"Morningstar,",Zacks Investment Research,1
29,Chicago,Zacks Investment Research,3
30,Chicago,Zacks Rank,1
31,Zacks,Zacks Rank,3
32,Zacks,Zacks Ranks,2
33,Zacks Rank,Zacks Ranks,2
34,NYSE,Sungard,2
35,AMEX,NYSE,3
36,AMEX,NASDAQ,2
37,NASDAQ,the Google Privacy Policy and Terms of Service,2
0,Baltimore,N. Charles St,6
1,Baltimore,MD 21201,3
2,MD 21201,Twitter,2
3,Athenex,InvestorPlace,2
4,Athenex,NASDAQ,3
5,ATNX,NASDAQ,3
6,ATNX,Bed Bath & Beyond,3
7,Bed Bath & Beyond,NASDAQ,3
8,NASDAQ,NYSE,3
9,NIO,NYSE,3
10,NIO,William White,1
11,William White,the InvestorPlace.com Publishing Guidelines,2
12,Automotive,the InvestorPlace.com Publishing Guidelines,2
13,Automotive,Electric Vehicles   Article,3
14,Electric Vehicles   Article,InvestorPlace Media,3
15,FinancialContent Services,InvestorPlace Media,3
16,FinancialContent Services,Nasdaq,1
17,Baltimore,MD,3
0,Elon Musk,Twitter,1
1,Tesla,Twitter,12
2,Ross Gerber,Twitter,3
3,Musk,Ross Gerber,1
4,Musk,fed,5
5,Twitter,fed,3
6,Musk,Twitter,14
7,Tesla,fed,3
8,Musk,Tesla,32
9,EV,Musk,5
10,Earl Banning,Twitter,2
11,Earl Banning,Musk,3
12,Tesla,Tesla’s,2
13,COO,Musk,3
14,COO,SpaceX,2
15,COO Gwynne Shotwell,SpaceX,3
16,COO Gwynne Shotwell,Tesla,2
17,Tesla,Tom Zhu,3
18,Tesla China,Tom Zhu,3
19,FTC,Tesla China,2
20,Electrek,YouTube,3
21,Jameson,YouTube,1
22,Jameson,jamie@electrek.co Use,2
23,Aptera,jamie@electrek.co Use,2
0,Tesla,Twitter,24
1,Elon Musk,Tesla,3
2,Elon Musk,Twitter,3
3,Musk,Tesla,11
4,Musk,Twitter,6
5,TSLA,Tesla,3
6,TSLA,Twitter,3
7,Leo KoGuan,Tesla,5
8,Gary Black,Tesla,5
9,EV,Tesla,1
10,EV,Teslas,3
11,Tesla,Teslas,3
12,Tesla,Twitterverse,2
13,Omar Qazi,Tesla,3
14,Musk,Tesla’s,3
15,Tesla,Tesla’s,1
16,Elon,Tesla,4
17,Electrek,YouTube,3
18,Twitter,Zalkon.com,3
19,Fred,Zalkon.com,3
20,Fred,Fred Lambert ChargePoint,2
0,SEC,Tesla,1
1,SEC,TSLA,2
2,Bernard Arnault,Twitter,2
3,Tesla,Twitter,19
4,TSLA,Tesla,2
5,TSLA,Twitter,3
6,Musk,Twitter,4
7,Musk,Tesla,6
8,Musk’s Twitter,Tesla,3
9,Fred,Musk’s Twitter,1
10,Fred,Musk,3
11,Musk,superfans,3
12,Twitter,superfans,2
13,Fred,Tesla,5
14,Elon,Tesla,2
15,Electrek,Tesla,2
16,FTC,Tesla,2
17,Electrek,YouTube,3
18,Jameson,YouTube,1
19,Jameson,jamie@electrek.co Use,2
20,Aptera,jamie@electrek.co Use,2
0,Christian Cooper,Subversive Capital,2
1,Subversive Capital,Tesla,2
2,Cooper,Tesla,3
3,Cooper,Yahoo Finance Live,3
4,EV,Yahoo Finance Live,3
5,ETF,Elon Musk's,2
6,Elon Musk's,Twitter,3
7,Tesla,Twitter,2
8,Model,Tesla,3
9,Model,U.S.,3
10,Tesla,U.S.,2
11,Shanghai,Tesla,3
12,China,Tesla,1
13,Brian Sozzi,China,1
14,Brian Sozzi,Yahoo Finance,3
15,Follow Sozzi,Yahoo Finance,2
16,Follow Sozzi,Twitter @BrianSozzi,3
17,LinkedIn,Twitter @BrianSozzi,3
18,LinkedIn,the Yahoo Finance,2
19,Read,the Yahoo Finance,2
20,Apple,Read,2
21,Apple,Facebook,2
22,Facebook,Instagram,2
23,Flipboard,Instagram,2
24,Flipboard,LinkedIn,2
25,LinkedIn,YouTube Related Quotes,2
0,Tesla,Tesla’s,8
1,Leo KoGuan,Tesla,5
2,MIA,Tesla,5
3,@$400 https://t.co/D3FD4AhVlt,Tesla,3
4,@$400 https://t.co/D3FD4AhVlt,KoGuan,2
5,KoGuan,Tesla,6
6,Larry Ellison,Tesla,5
7,Nasdaq,Tesla,3
8,Elon Musk,Nasdaq,2
9,Elon Musk,Tesla,3
10,KoGuan,Rousseau,3
11,S3 Partners,Tesla,4
12,Electrek,YouTube,3
13,Twitter,Zalkon.com,3
14,Fred,Zalkon.com,3
15,Fred,Fred Lambert ChargePoint,2
0,Bloomberg's Alix Steel,Paul Sweeney,2
1,Bloomberg Intelligence,Paul Sweeney,2
2,Bloomberg Intelligence,Gina Champion-Cain,2
3,Gina Champion-Cain,San Diego,3
4,Ponzi,San Diego,2
5,Ponzi,UK Passengers Return,2
6,UK Passengers Return,Work Israel’s,3
7,Eyes Measures,Work Israel’s,3
8,Boost Competition Lagarde,Eyes Measures,3
9,Appeal Endures Bank,Boost Competition Lagarde,2
10,Appeal Endures Bank,China,3
11,China,Extending Incentive Offers South Korea Asks,3
12,Extending Incentive Offers South Korea Asks,US,3
13,David Beckham,US,2
14,David Beckham,Ukraine,1
15,Nancy Pelosi’s,Ukraine,3
16,Nancy Pelosi’s,Republican,3
17,Republican,the Eastern Front Futuristic,3
18,China,the Eastern Front Futuristic,3
19,China,US,2
20,New York City,US,2
21,New York City,Tesla,3
22,Gruenheide,Tesla,3
23,Germany,Gruenheide,3
24,Germany,Josh Eidelson Subscriber,2
25,Josh Eidelson Subscriber,Tesla Inc.,3
26,Florida,Tesla Inc.,3
27,Florida,US,3
28,National Labor Relations Board’s,US,2
29,National Labor Relations Board’s,Tampa,3
30,Bloomberg News,Tampa,2
31,Bloomberg News,Freedom of Information Act,2
0,Baltimore,N. Charles St,6
1,Baltimore,MD 21201,3
2,Cathie Wood,MD 21201,2
3,Cathie Wood,Tesla,7
4,EV,Tesla,3
5,EV,Wood’s Ark Investment Management,2
6,Wood’s Ark Investment Management,the ARK Autonomous Technology & Robotics,2
7,ARKQ,the ARK Autonomous Technology & Robotics,3
8,ARKQ,Cathie Wood,2
9,Elon Musk,Tesla,3
10,EV,Elon Musk,3
11,EV,Twitter,3
12,Tesla,Twitter,1
13,Cathie Wood,Cathie Wood’s,2
14,Core Scientific,InvestorPlace,2
15,Core Scientific,NASDAQ,3
16,NASDAQ,Wells Fargo,3
17,NYSE,Wells Fargo,3
18,NYSE,William White,1
19,William White,the InvestorPlace.com Publishing Guidelines,2
20,InvestorPlace Media,the InvestorPlace.com Publishing Guidelines,2
21,FinancialContent Services,InvestorPlace Media,3
22,FinancialContent Services,Nasdaq,1
23,Baltimore,MD,3
0,Baltimore,N. Charles St,6
1,Baltimore,MD 21201,3
2,MD 21201,helloabc /,2
3,Shutterstock.com,helloabc /,3
4,Forbes,Shutterstock.com,1
5,Bernard Arnault,Forbes,3
6,Bernard Arnault,Tesla,2
7,Tesla,Twitter,3
8,China,Shanghai,5
9,China,Tesla,2
10,Tesla,U.S.,4
11,General Motors,Tesla,2
12,General Motors,NYSE,3
13,GM,NYSE,3
14,GM,Toyota Motor,3
15,NYSE,Toyota Motor,3
16,NYSE,TM,3
17,GM,Toyota,2
18,GM,Tesla,2
19,Microsoft,Tesla,3
20,Microsoft,Shanghai,1
21,GM,Shanghai,2
22,Dana Blankenhorn,GM,2
23,Dana Blankenhorn,MSFT,3
24,MSFT,the InvestorPlace.com Publishing Guidelines,2
25,Dana Blankenhorn,the InvestorPlace.com Publishing Guidelines,2
26,Dana Blankenhorn,Substack,1
27,Automotive,Substack,2
28,Automotive,Electric Vehicles   Article,3
29,Electric Vehicles   Article,FinancialContent Services,3
30,FinancialContent Services,Nasdaq,1
31,Baltimore,MD,3
0,Model,Tesla,3
1,Tesla,the United States,12
2,US,the United States,3
3,Tesla,US,2
4,Electrek,Tesla,3
5,Model 3,Tesla,3
6,Model,Model 3,3
7,GM,Reduce,2
8,Reduce,the US Treasury,1
9,FTC,the US Treasury,1
10,Electrek,YouTube,3
11,Twitter,Zalkon.com,3
12,Fred,Zalkon.com,3
13,Fred,Fred Lambert ChargePoint,2
0,Getty Images Sjo/iStock,Tesla,1
1,Tesla,U.S.,3
2,China,U.S.,3
3,Automotive Leasing,Services & Other,3
4,Energy Generation & Storage,Services & Other,3
5,Pepsi,Tesla Semis,3
6,Model Ys,TSLA,1
7,Fibonacci,TSLA,4
8,Schwab StreetSmart Edge,TSLA,2
9,TSLA,Tesla,2
0,MarketBeat,"Tesla, Inc.",1
1,"Tesla, Inc.",Wedbush,1
2,Tesla,Wedbush,11
3,D. Ives,Wedbush,5
4,EPS,Tesla,7
5,Mizuho,Tesla,5
6,Piper Sandler,Tesla,5
7,Needham & Company,Tesla,5
8,Tesla,Truist Financial,5
9,SVP,Tesla,6
10,SEC,Tesla,2
11,Riggs Asset Managment Co. Inc.,Tesla,7
12,Alera Investment Advisors,Tesla,6
13,Alera Investment Advisors,Stanley Laman Group Ltd.,2
14,Stanley Laman Group Ltd.,Tesla,5
15,Stanley Laman Group Ltd.,Toledo NA OH,2
16,Tesla,Toledo NA OH,3
17,Tesla,Trust Co.,2
18,Toledo NA OH,Trust Co.,3
19,China,the United States,3
20,Automotive,China,2
21,Automotive,"Read More
Get",2
22,"Read More
Get",Tesla,3
23,MarketBeat,Tesla,9
24,Tesla,View The Five Stocks,2
25,MarketBeat,View The Five Stocks,3
26,Get This Free Report,MarketBeat,4
27,Laycee,MarketBeat,2
28,Chris,Laycee,3
29,Chris,MarketBeat,3
30,MarketBeat,SEC,3
31,MarketBeat,Sioux Falls,1
32,American Consumer News,Sioux Falls,3
33,American Consumer News,Barchart Solutions,1
34,Barchart,Barchart Solutions,1
0,"Ardelyx, Inc.",TSLA,2
1,+0.13,"Ardelyx, Inc.",3
2,+0.13,Zacks,2
3,ARDX,Zacks,3
4,KALA,"Kala Pharmaceuticals, Inc.",3
5,KALA,Zacks,5
6,NIO Inc.,Zacks,2
7,NIO,Zacks,3
8,Gaotu Techedu Inc.,NIO,2
9,Gaotu Techedu Inc.,XPeng Inc.,2
10,TAL Education Group,XPeng Inc.,1
11,TAL,TAL Education Group,3
12,AMC Entertainment Holdings,TAL,3
13,AMC,AMC Entertainment Holdings,3
14,AMC,Unibanco Banco Holding SA,2
15,Unibanco Banco Holding SA,Zacks,2
16,"Nasdaq, Inc.",Zacks,2
17,"Nasdaq,","Nasdaq, Inc.",2
0,Baltimore,N. Charles St,6
1,Baltimore,MD 21201,3
2,MD 21201,Tesla,2
3,Famed,Tesla,3
4,Cathie Wood,Famed,3
5,Ark Invest,Cathie Wood,2
6,EV,Wood’s,2
7,TSLA,Wood’s,2
8,Cathie Wood,TSLA,1
9,Ark Invest’s,Cathie Wood,2
10,Ark Invest,Tesla,1
11,Ark Invest,Wood’s,2
12,Wood’s,the ARK Innovation ETF,2
13,NYSEARCA,the ARK Innovation ETF,3
14,ARKK,NYSEARCA,3
15,ARKK,the ARK Autonomous Technology & Robotics,3
16,ARKQ,the ARK Autonomous Technology & Robotics,3
17,ARKQ,the ARK Next Generation Internet,3
18,NYSEARCA,the ARK Next Generation Internet,3
19,ARKW,NYSEARCA,3
20,ARKW,Zoom,2
21,ZM,Zoom,3
22,Exact Sciences,ZM,3
23,EXAS,Exact Sciences,3
24,EXAS,Tesla,1
25,RBC,Tesla,2
26,Goldman Sachs,RBC,3
27,Citigroup,Goldman Sachs,2
28,Citigroup,Tesla,2
29,Cathie Wood,Tesla,2
30,Cathie Wood,Musk,1
31,EV,Musk,3
32,EV,Twitter,2
33,Longtime Tesla,Twitter,1
34,Dan Ives,Longtime Tesla,3
35,Dan Ives,Wedbush,3
36,Tesla,Wedbush,2
37,ATM,Tesla,3
38,ATM,Twitter,3
39,Cathie Wood,Twitter,1
40,Cathie Wood,Samuel O’Brient,2
41,Samuel O’Brient,the InvestorPlace.com Publishing Guidelines,4
42,EV,Samuel O’Brient,2
43,EV,TipRanks,2
44,Consumer Discretionary,TipRanks,2
45,Automotive,Consumer Discretionary,3
46,Automotive,InvestorPlace Media,3
47,FinancialContent Services,InvestorPlace Media,3
48,FinancialContent Services,Nasdaq,1
49,Baltimore,MD,3
0,Bloomberg's Alix Steel,Paul Sweeney,2
1,Bloomberg Intelligence,Paul Sweeney,2
2,Bloomberg Intelligence,Gina Champion-Cain,2
3,Gina Champion-Cain,San Diego,3
4,Ponzi,San Diego,2
5,Ponzi,UK Passengers Return,2
6,UK Passengers Return,Work Israel’s,3
7,Eyes Measures,Work Israel’s,3
8,Boost Competition Lagarde,Eyes Measures,3
9,Appeal Endures Bank,Boost Competition Lagarde,2
10,Appeal Endures Bank,China,3
11,China,Extending Incentive Offers South Korea Asks,3
12,Extending Incentive Offers South Korea Asks,US,3
13,David Beckham,US,2
14,David Beckham,Ukraine,1
15,Nancy Pelosi’s,Ukraine,3
16,Nancy Pelosi’s,Republican,3
17,Republican,the Eastern Front Futuristic,3
18,China,the Eastern Front Futuristic,3
19,China,US,2
20,New York City,US,2
21,New York City,Twitter Inc.,2
22,Tesla Inc.,Twitter Inc.,3
23,China,Tesla Inc.,2
24,China,Shanghai,3
25,Shanghai,Texas,2
26,Tesla,Texas,2
27,Musk,Tesla,2
28,Musk,Twitter,2
0,Elon Musk,Top Forex Brokers,2
1,Cookies,Top Forex Brokers,3
0,EV,Tesla,5
1,Coin Price Forecast,Tesla,5
2,MA,TSLA,2
3,Tesla,the Coin Price Forecast,3
4,China,Tesla,5
5,EV,Interactive Brokers,2
6,Disclaimer,Interactive Brokers,3
0,Automotive - Domestic,Zacks Equity Research for Zacks,1
1,Automotive - Domestic,Harley-Davidson,1
2,HOG,Harley-Davidson,1
3,HOG,Tesla,1
4,Value,Zacks Rank,5
5,Harley-Davidson,Zacks Rank,5
6,Tesla,Zacks Rank,6
7,HOG,Zacks Rank,2
8,HOG,TSLA,11
9,HOG,Value,5
10,HOG,PEG,3
11,TSLA,Value,6
12,C. HOG,Value,3
13,C. HOG,Zacks Rank,3
14,Style Scores,Zacks Rank,3
15,HOG,Style Scores,3
16,HOG,"Zacks Names """,2
17,Boston Beer Company,Zacks’ Stocks Set,3
18,Boston Beer Company,NVIDIA,3
19,NVIDIA,Zacks Investment Research,2
20,"HarleyDavidson, Inc.",Zacks Investment Research,1
21,HOG,"HarleyDavidson, Inc.",3
22,HOG,Zacks.com,1
23,Zacks Investment Research,Zacks.com,2
24,"Nasdaq, Inc.",Zacks Investment Research,2
25,"Nasdaq,","Nasdaq, Inc.",2
0,MarketBeat,"Tesla, Inc.",1
1,EPS,Tesla,2
2,EPS,"Tesla, Inc.",5
3,Means Investment CO. Inc.,TSLA.,2
4,Means Investment CO. Inc.,Tesla,5
5,Alaethes Wealth,Means Investment CO. Inc.,2
6,Alaethes Wealth,Tesla,5
7,Alaethes Wealth,JB Capital,2
8,JB Capital,Tesla,5
9,Centerpoint Advisors,JB Capital,2
10,Centerpoint Advisors,Tesla,5
11,Centerpoint Advisors,D Orazio & Associates Inc.,2
12,D Orazio & Associates Inc.,Tesla,3
13,Orazio & Associates Inc.,Tesla,2
14,Needham & Company,Tesla,3
15,Roth Capital,Tesla,5
16,Global Equities Research,Tesla,5
17,Bank of America,Tesla,5
18,China,the United States,3
19,Automotive,China,2
20,Automotive,"Featured Articles
Get",2
21,"Featured Articles
Get",Tesla,3
22,"Remain CALM Income Investors
Tesla Stock",Tesla,3
23,MarketBeat,"Remain CALM Income Investors
Tesla Stock",3
24,MarketBeat,Tesla,6
25,Tesla,View The Five Stocks,2
26,Roth,View The Five Stocks,2
27,Get This Free Report,Roth,1
28,Get This Free Report,MarketBeat,2
29,Roth,Tesla,2
30,Laycee,Roth,1
31,Chris,Laycee,3
32,Chris,MarketBeat,3
33,MarketBeat,SEC,3
34,MarketBeat,Sioux Falls,1
35,American Consumer News,Sioux Falls,3
36,American Consumer News,Barchart Solutions,1
37,Barchart,Barchart Solutions,1
0,Bloomberg,Clay Webster,1
1,Bloomberg,Shanghai,1
2,Chinese,Shanghai,1
3,Chinese,US,1
4,Dow,US,2
5,Dow,NASDAQ,3
6,NASDAQ,Shanghai,2
7,Shanghai,Tesla,3
8,Berlin,Tesla,2
9,Austin,Berlin,3
10,Austin,Texas,3
11,Shanghai,Texas,2
12,China,Shanghai,4
13,China,Tesla,2
14,Bloomberg,Tesla,1
15,Bloomberg,Model Ys,2
16,Model Ys,Tesla,2
17,Chinese,Tesla,3
18,Chinese,Model Ys,3
19,Model Ys,Shanghai,1
20,Shanghai,Tesla Shanghai,1
21,China,Tesla Shanghai,2
22,Shanghai,the European Union's Trade & Technology Council,2
23,US,the European Union's Trade & Technology Council,3
24,US,the World Trade Organization,3
25,EU,the World Trade Organization,2
26,EU,IRA,3
27,IRA,US,3
28,EU,US,2
29,EU,EV,3
30,EV,the European Commission,2
31,Ursula von der,the European Commission,3
32,Leyen,Ursula von der,3
33,Leyen,US,1
34,AUD/USD,FXStreet,2
35,AUD/USD,Asian,3
36,Asian,Aussie,2
37,Aussie,USD,2
38,JPY,USD,3
39,JPY,Japan,3
40,Japan,Yen,2
41,Yen,the Bank of Japan,3
42,BOJ,the Bank of Japan,3
43,BOJ,XAU/USD,2
44,Shiba Inu,XAU/USD,1
45,Dogecoin,Shiba Inu,3
46,Dogecoin,Ethereum,3
47,Ethereum,SHIB,2
0,Tesla Inc,USD,1
1,TSLA,USD,1
2,TSLA,Twitter,2
3,KoGuan,Leo KoGuan,2
4,KoGuan,Tim Cook-like,2
5,Elon,Tim Cook-like,3
6,Cook,Elon,2
0,Tesla,the Tesla Owners of Silicon Valley,2
1,Musk,the Tesla Owners of Silicon Valley,2
2,Musk,Tesla,9
3,EV,Tesla,3
4,EV,Musk,1
5,Musk,Wedbush’s Dan Ives,2
6,Tesla,Wedbush’s Dan Ives,3
7,Tesla,Twitter,3
8,Porsche,Tesla China,2
9,Shanghai,Tesla China,3
10,Q4,Shanghai,2
0,BNK Invest,Tesla,1
1,Boeing,Tesla,2
2,Boeing,Occidental Petroleum,2
3,Occidental Petroleum,Warner Bros Discovery,3
4,VIDEO,Warner Bros Discovery,2
5,Movers,VIDEO,2
6,Movers,TSLA,3
7,"Nasdaq, Inc.",TSLA,3
8,"Nasdaq,","Nasdaq, Inc.",2
0,BMW,Covid,2
1,BMW,OTCPK,3
2,OTCPK,Toyota,3
3,TM,Toyota,3
4,ICE,YCharts,2
5,EV,YCharts,2
6,EV,Tesla,2
7,Bentley,Tesla,2
8,Tesla,YCharts,2
9,Los Angeles,Tesla,3
10,Long Beach,Los Angeles,2
11,China,Shanghai,2
12,Covid,Shanghai,1
13,Dan Ives,Wedbush,3
14,450k,Wedbush,2
15,450k,Tesla,1
16,Tesla,U.S.,1
0,Dividend Kings,"Tesla, Inc.",2
1,Dividend Kings,Tesla,3
2,Tesla,Ycharts Ycharts,4
3,FactSet FAST Graphs,Tesla,3
4,FactSet,FactSet FAST Graphs,9
5,FactSet,Tesla,5
6,Musk,Tesla,4
7,Musk,Twitter,3
8,Tesla,Twitter,4
9,Bloomberg) Even,FactSet,3
10,Bloomberg) Even,Tesla,2
11,AMZN,Amazon,3
12,AMZN,S&P,3
13,Amazon,S&P,5
14,S&P,YCharts YCharts Netflix,2
15,NFLX,YCharts YCharts Netflix,3
16,Daily Shot Daily Shot,Tesla,1
17,CBS News,The Social Security Administration,3
18,Tesla,The Social Security Administration,1
19,DK Research Terminal,Tesla,4
20,DK Research Terminal,FactSet,6
21,FactSet,S&P,1
22,S&P,Tesla,4
23,Nasdaq,S&P,2
24,Altria + Amazon,Tesla,1
25,Altria + Amazon,Altria Group,2
26,Altria Group,Amazon,3
27,AMZN,MO,3
28,AMZN,Tesla,2
29,China,Tesla,5
30,FactSet Research Terminal FactSet Research Terminal,Tesla,8
31,BBB,S&P,3
32,BBB,FactSet Research Terminal FactSet Research Terminal,2
33,FactSet Research Terminal FactSet Research Terminal,TSLA,2
34,Morningstar,TSLA,2
35,FactSet Research Terminal FactSet Research Terminal,Morningstar,2
36,TM,Toyota,3
37,Subaru,Tesla,3
38,FactSet Research Terminal FactSet Research Terminal Tesla,Tesla,8
39,EV,Tesla,3
40,Ford,Tesla,3
41,Ford,GM,3
42,GM,Toyota,1
43,Tesla,Toyota,5
44,American,Tesla,5
45,Mercedes,Tesla,3
46,BMC,Mercedes,3
47,BMC,Volvo,3
48,Lincoln,Volvo,3
49,Lincoln,Toyota,3
50,Lexus,Tesla,5
51,FactSet FAST Graphs,Graphs,15
52,FactSet FAST Graphs,FactSet Tesla's,6
53,FactSet FAST Graphs,FactSet Toyota,3
54,FactSet Toyota,Toyota,2
55,Graphs,Toyota,2
56,FactSet Tesla's,Ferrari,3
57,Ferrari,Tesla,1
58,Graphs,Tesla,2
59,FactSet,Graphs,1
60,FactSet,TSLA,1
61,DK,S&P,3
62,DK Research Terminal,S&P,2
63,DK Research Terminal,TSLA,2
64,Buffett,Tesla,2
65,Automated Investment Decision Tool,U.S.,1
66,Automated Investment Decision Tool,Zen Research Terminal,3
67,Correction Planning Tool,Zen Research Terminal,3
68,Correction Planning Tool,Daily Blue-Chip Deal Videos,3
69,Adam Galas,Daily Blue-Chip Deal Videos,1
70,Adam Galas,Wide Moat Research,3
71,WMR,Wide Moat Research,3
72,C-Corps,WMR,5
73,The Intelligent Dividend Investor,WMR,3
74,Army,The Intelligent Dividend Investor,2
75,Army,Dividend Kings,3
76,Dividend Kings,The Intelligent Dividend Investor,3
77,Simply Safe Dividends,The Intelligent Dividend Investor,3
78,Simply Safe Dividends,the Adam Mesh Trading Group,3
79,Brad Thomas,the Adam Mesh Trading Group,2
80,Brad Thomas,Chuck Carnevale,3
0,Electrek Podcast,Tesla,1
1,Tesla,YouTube,2
2,Patreon,YouTube,3
3,FTC,Patreon,1
4,Electrek,YouTube,3
5,Fred Lambert,YouTube,2
6,Fred Lambert,Seth,3
7,Seth,Twitter,2
8,Twitter,Zalkon.com,3
9,Fred,Zalkon.com,3
10,Fred,Fred Lambert ChargePoint,2
0,EV,Tesla Inc,1
1,Elon Musk's Twitter,Tesla Inc,1
2,Elon Musk's Twitter,TWTR,1
3,TWTR,Tesla,1
4,Schaeffer,Tesla,1
5,Rocky White,Schaeffer,3
6,TSLA,the International Securities Exchange,3
7,Chicago Board Options Exchange,the International Securities Exchange,3
8,CBOE,Chicago Board Options Exchange,3
9,CBOE,NASDAQ OMX PHLX,3
10,Minimize Risk While,NASDAQ OMX PHLX,2
11,Minimize Risk While,Schaeffer,1
0,Outperform Analyst,Tesla,1
1,Outperform Analyst,Wedbush Wedbush,2
2,Elon Musk,Wedbush Wedbush,2
3,ATM,Elon Musk,2
4,ATM,Twitter,2
5,Twitter,Wedbush,4
6,Tesla,Wedbush,3
7,Tesla,Twitter,3
8,Wedbush,the Board of Tesla,3
9,Musk,the Board of Tesla,2
10,Musk,Tesla,2
0,BNK Invest,ETF Channel,1
1,ETF Channel,Invesco,2
2,Invesco,QQQ,2
3,QQQ,Tesla Inc,3
4,Meta Platforms Inc,Tesla Inc,3
5,META,Meta Platforms Inc,3
6,META,PepsiCo Inc,3
7,PepsiCo Inc,QQQ Holdings,2
8,QQQ,QQQ Holdings,3
9,ETF,"Nasdaq, Inc.",2
10,"Nasdaq,","Nasdaq, Inc.",2
0,FREE Breaking News Alerts,StreetInsider.com,1
0,Chris Winton,FedEx,1
1,FedEx,Tesla’s,1
2,HR,Tesla’s,2
3,HR,Valerie Capers Workman,2
4,Valerie Capers Workman,Workman,2
5,Tesla,Workman,2
6,Chris Winton,Tesla,3
7,Chris Winton,Winton,2
8,FedEx,Winton,3
9,FedEx,LinkedIn,2
10,LinkedIn,Tesla,3
11,Tesla,Zack Kirkhorn,2
12,Winton,Zack Kirkhorn,2
13,Memphis,Winton,3
14,FedEx,Memphis,3
15,FedEx,Tesla,7
16,Austin,Tesla,3
17,Austin,Texas,3
18,Texas,the Memphis Business Journal,2
19,Tesla,the Memphis Business Journal,3
20,Champignon,Tesla,2
21,Tesla,Winton,2
22,Elon Musk,Winton,3
23,Elon Musk,Twitter,3
24,FTC,Twitter,2
25,Electrek,YouTube,3
26,Twitter,Zalkon.com,3
27,Fred,Zalkon.com,3
28,Fred,Fred Lambert ChargePoint,2
0,Tesla,the United States,21
1,US,the United States,3
2,Tesla,US,2
3,Electrek,Tesla,8
4,Loyalty Program,Tesla,2
5,Electrek,US,3
6,Tesla,UK,5
7,Tesla,Teslas,2
8,Tesla,VW,5
9,FTC,the United States,2
10,Electrek,YouTube,3
11,Twitter,Zalkon.com,3
12,Fred,Zalkon.com,3
13,Fred,Fred Lambert ChargePoint,2
0,China,Tesla,25
1,Shanghai,Tesla,6
2,China,Shanghai,4
3,Shanghai,The China Passenger Car Association,2
4,Tesla,The China Passenger Car Association,3
5,China,Tesla Gigafactory,2
6,Shanghai,Tesla Gigafactory,3
7,Bloomberg,China,2
8,Bloomberg,Reuters,1
9,Bloomberg‘s,Reuters,3
10,Bloomberg‘s,Shanghai,2
11,China,Tesla’s,2
12,Chinese,Tesla’s,3
13,Chinese,Shanghai,2
14,China,Chinese,3
15,Austrailia,Chinese,2
16,Austrailia,China,1
17,Electrek,YouTube,3
18,Twitter,Zalkon.com,3
19,Fred,Zalkon.com,3
20,Fred,Fred Lambert ChargePoint,2
0,Elon Musk,Kambouris Tesla,1
1,Elon Musk,Tesla,5
2,Musk,Tesla,58
3,Musk,"Twitter, Inc.",3
4,TWTR,"Twitter, Inc.",3
5,TWTR,Tesla,3
6,Musk,Twitter,53
7,Tesla,Twitter,25
8,Morning Consult,Tesla,5
9,Tesla,YouGov,8
10,Tesla,U.S.,5
11,Tesla,Wall Street Journal,2
12,Wall Street Journal,YouGov Wall Street Journal,3
13,YouGov Even Tesla's,YouGov Wall Street Journal,3
14,Wedbush,YouGov Even Tesla's,2
15,Dan Ives,Wedbush,3
16,Dan Ives,Musk,3
17,EV,Twitter,3
18,EV,Tesla,3
19,Tesla,Wedbush,3
20,Musk,Wedbush,2
21,Morgan Stanley Research,Tesla,7
22,Morgan Stanley Research,Musk,3
23,Delaware,Musk,3
24,Delaware,Tesla,2
25,Alpha,Twitter,4
26,Elon Musk,Musk,2
27,Jason Aten,Tesla,3
0,Bloomberg's Alix Steel,Paul Sweeney,2
1,Bloomberg Intelligence,Paul Sweeney,2
2,Bloomberg Intelligence,Gina Champion-Cain,2
3,Gina Champion-Cain,San Diego,3
4,Ponzi,San Diego,2
5,Ponzi,UK Passengers Return,2
6,UK Passengers Return,Work Israel’s,3
7,Eyes Measures,Work Israel’s,3
8,Boost Competition Lagarde,Eyes Measures,3
9,Appeal Endures Bank,Boost Competition Lagarde,2
10,Appeal Endures Bank,China,3
11,China,Extending Incentive Offers South Korea Asks,3
12,Extending Incentive Offers South Korea Asks,US,3
13,David Beckham,US,2
14,David Beckham,Ukraine,1
15,Nancy Pelosi’s,Ukraine,3
16,Nancy Pelosi’s,Republican,3
17,Republican,the Eastern Front Futuristic,3
18,China,the Eastern Front Futuristic,3
19,China,US,2
20,New York City,US,2
21,New York City,Tesla Inc.,3
22,Shanghai,Tesla Inc.,3
23,Chinese,Shanghai,2
24,Chinese,Model,2
0,APP,Scan,1
1,APP,Jenny McCall,1
2,Jenny McCall,NASDAQ,1
3,AJ Bell,NASDAQ,3
4,AJ Bell,Russ Mould,3
5,Russ Mould,Twitter,2
6,Twitter,the New York Stock Exchange,3
7,Russian,the New York Stock Exchange,2
8,Russian,Ukraine,3
9,UK,Ukraine,1
10,Mould,UK,2
11,FAANGM,Mould,1
12,FAANGM,MAANAM,3
13,MAANAM,Meta Platforms,3
14,META,Meta Platforms,3
15,Amazon,META,6
16,Amazon,Apple,3
17,Apple,Netflix,3
18,NFLX,Netflix,6
19,Alphabet,NFLX,6
20,Alphabet,Microsoft,3
21,Meta’s,Microsoft,2
22,META,Meta’s,3
23,AMZN,META,3
24,AAPL,AMZN,3
25,AAPL,META,2
26,AMZN,Amazon,3
27,AMZN,Apple (AAPL,3
28,Apple (AAPL,Netflix,3
29,Alphabet,GOOG,3
30,GOOG,Microsoft,3
31,Microsoft,SPAC,2
32,Mould,SPAC,3
33,MAANAM,Mould,3
34,Activision Blizzard,Mould,1
35,Activision Blizzard,Broadcom’s,3
36,Broadcom’s,VMware,3
37,VMW,VMware,3
38,GlaxoSmithKline,Haleon,3
39,HLN,Haleon,3
40,HLN,the London Stock Exchange,5
41,HLN,Pharma,2
42,GSK,Pharma,3
43,GSK,Haleon,3
44,Haleon,Sanofi,3
45,Sanofi,Zantac,2
46,NDMA,Zantac,3
47,NDMA,Volkswagen’s,2
48,Porsche,Volkswagen’s,3
49,IPO,Porsche,3
50,IPO,VW,3
51,German,VW,2
52,German,IPO,3
53,GLEN,IPO,6
54,EMEA,Porsche,3
55,Russia,Ukraine,3
56,McDonalds,Ukraine,3
57,McDonalds,Royal Dutch Shell,3
58,Royal Dutch Shell,Russian,3
59,Moscow,Russian,2
60,European,Moscow,1
61,European,Mould,1
62,ONS,Office of National Statistics,3
63,ONS,USA,2
64,Australia,USA,3
65,Australia,Canada,3
66,Canada,EU,3
67,EU,Mould,3
68,Mould,Twitter,1
69,TWTR,Twitter,3
70,TWTR,the New York Stock Exchange,2
71,NYSE,the New York Stock Exchange,3
72,NYSE,TWTR,3
73,Parag Agrawal,TWTR,1
74,Parag Agrawal,Vijaya Gadde,3
75,US,Vijaya Gadde,3
76,Donald Trump,US,3
77,Donald Trump,TWTR,3
78,TWTR,Trump’s,3
79,TSLA,Trump’s,2
80,Capital Com SV Investments Limited,Cyprus Securities and Exchange Commission,5
81,Capital Com SV Investments Limited,Registration Number,3
82,Lophitis Business Center II,Registration Number,3
0,China,the Federal Reserve,3
1,China,Fed,3
2,Fed,USA,3
3,Musk,USA,3
4,Musk,Tesla,18
5,Musk,Wedbush,3
6,Dan Ives,Wedbush,3
7,Dan Ives,Twitter,3
8,China,Twitter,5
9,Tesla,Twitter,10
10,Musk,Twitter,3
11,Ihor Dusaniwsky,Tesla,2
12,Ihor Dusaniwsky,Predictive Analytics,3
13,Predictive Analytics,Tesla,2
14,Chinese,Tesla,5
15,Nasdaq,Tesla,1
16,Investopedia,Nasdaq,3
17,Investopedia,Twitter,1
18,Bill Gates,Tesla,2
19,Bill Gates,Microsoft,3
20,Microsoft,Tesla,3
21,Gates,Tesla,3
0,Bloomberg's Alix Steel,Paul Sweeney,2
1,Bloomberg Intelligence,Paul Sweeney,2
2,Bloomberg Intelligence,Gina Champion-Cain,2
3,Gina Champion-Cain,San Diego,3
4,Ponzi,San Diego,2
5,Ponzi,UK Passengers Return,2
6,UK Passengers Return,Work Israel’s,3
7,Eyes Measures,Work Israel’s,3
8,Boost Competition Lagarde,Eyes Measures,3
9,Appeal Endures Bank,Boost Competition Lagarde,2
10,Appeal Endures Bank,China,3
11,China,Extending Incentive Offers South Korea Asks,3
12,Extending Incentive Offers South Korea Asks,US,3
13,David Beckham,US,2
14,David Beckham,Ukraine,1
15,Nancy Pelosi’s,Ukraine,3
16,Nancy Pelosi’s,Republican,3
17,Republican,the Eastern Front Futuristic,3
18,China,the Eastern Front Futuristic,3
19,China,US,2
20,New York City,US,2
21,New York City,Tesla Inc.,3
22,China,Tesla Inc.,3
23,China,Shanghai,3
24,Austin,Shanghai,3
25,Austin,Texas,3
26,Texas,Tom Zhu,2
27,Tesla,Tom Zhu,2
28,Austin,Tesla,2
29,Austin,China,2
30,China,Giga Texas,2
31,Giga Texas,US,2
32,Cybertruck,US,2
0,AMC,AMC Entertainment Holdings,3
1,AMC,"Amazon.com, Inc.",3
2,AMZN,"Amazon.com, Inc.",3
3,+0.21,AMZN,3
4,+0.21,"Uber Technologies, Inc.",2
5,+0.04,"Uber Technologies, Inc.",3
6,+0.04,Zacks,2
7,UBER,Zacks,3
8,BioCryst Pharmaceuticals,UBER,2
9,BCRX,BioCryst Pharmaceuticals,3
10,BCRX,PACCAR Inc.,2
11,PACCAR Inc.,PCAR,3
12,Haleon plc,PCAR,2
13,Haleon plc,Kroger Company,2
14,EPS,Kroger Company,1
15,EPS,KR,2
16,KR,Oracle Corporation,2
17,ORCL,Oracle Corporation,3
18,ORCL,XPeng Inc.,2
19,"Nasdaq, Inc.",XPeng Inc.,1
20,"Nasdaq,","Nasdaq, Inc.",2
0,MikeMareen,"Tesla, Inc.",1
1,PepsiCo,"Tesla, Inc.",1
2,PepsiCo,Tesla,5
3,Semi,Tesla,9
4,EV,Semi,2
5,EV,Elon Musk,2
6,Elon Musk,U.S.,2
7,Tesla,U.S.,2
8,LTM,Tesla,4
0,Bloomberg's Alix Steel,Paul Sweeney,2
1,Bloomberg Intelligence,Paul Sweeney,2
2,Bloomberg Intelligence,Gina Champion-Cain,2
3,Gina Champion-Cain,San Diego,3
4,Ponzi,San Diego,2
5,Ponzi,UK Passengers Return,2
6,UK Passengers Return,Work Israel’s,3
7,Eyes Measures,Work Israel’s,3
8,Boost Competition Lagarde,Eyes Measures,3
9,Appeal Endures Bank,Boost Competition Lagarde,2
10,Appeal Endures Bank,China,3
11,China,Extending Incentive Offers South Korea Asks,3
12,Extending Incentive Offers South Korea Asks,US,3
13,David Beckham,US,2
14,David Beckham,Ukraine,1
15,Nancy Pelosi’s,Ukraine,3
16,Nancy Pelosi’s,Republican,3
17,Republican,the Eastern Front Futuristic,3
18,China,the Eastern Front Futuristic,3
19,China,US,2
20,New York City,US,2
21,Austin,New York City,3
22,Austin,Texas,3
23,Bloomberg News,Texas,1
24,Bloomberg News,Elon Musk,2
25,China,Elon Musk,2
26,Austin,China,2
0,Tesla,Tesla Fantastic News,1
1,Tesla,Twitter,2
2,SpaceX,Twitter,2
3,SpaceX,Starlink,2
4,Starlink,Tesla,2
5,Alex Avoigt,Tesla,4
6,Alex,Tesla,5
7,Elon Musk,Tesla,4
8,Elon,Tesla,11
9,Say Elon,Tesla,3
10,Armen Hareyan,Tesla,2
11,Armen Hareyan,Torque News,3
12,Torque News,Torque News Twitter,1
13,Facebok,Torque News Twitter,2
14,Facebok,Linkedin,2
15,Linkedin,Youtube,2
0,FREE Breaking News Alerts,StreetInsider.com,1
1,StreetInsider.com,Tesla,1
2,RSS,Tesla,1
0,China,Chinese,3
1,China,Volkswagen,1
2,Chengdu,Volkswagen,3
3,Chengdu,Wedbush,2
4,Dan Ives,Wedbush,3
5,Dan Ives,Yahoo Finance,3
6,COVID,Yahoo Finance,3
7,COVID,China,3
8,China,EV,4
9,EV,Tesla,6
10,China,Tesla,5
11,Tesla,U.S.,2
12,China,U.S.,3
13,China,General Motors,3
14,GM,General Motors,3
15,GM,Tesla,8
16,Chinese,GM,3
17,Cadillac,Chinese,3
18,Buick,Cadillac,3
19,Buick,Chevrolet,3
20,Chevrolet,Wuling,3
21,GM,Wuling,2
22,Detroit,GM,5
23,GM,Mary [Barra,3
24,China,Mary [Barra,2
25,China,GM,6
26,Ford,GM,8
27,China,Ford,3
28,Ford,Tesla,3
29,Ford,Nio (NIO,3
30,China,Nio (NIO,3
31,China,Ives,5
32,Pras Subramanian,Yahoo Finance,3
33,Twitter,Yahoo Finance,2
34,Instagram,Twitter,3
35,Apple,Instagram,2
36,Apple,Facebook,2
37,Facebook,Instagram,2
38,Flipboard,Instagram,2
39,Flipboard,LinkedIn,2
40,LinkedIn,YouTube Related Quotes,2
0,Bloomberg's Alix Steel,Paul Sweeney,2
1,Bloomberg Intelligence,Paul Sweeney,2
2,Bloomberg Intelligence,Gina Champion-Cain,2
3,Gina Champion-Cain,San Diego,3
4,Ponzi,San Diego,2
5,Ponzi,UK Passengers Return,2
6,UK Passengers Return,Work Israel’s,3
7,Eyes Measures,Work Israel’s,3
8,Boost Competition Lagarde,Eyes Measures,3
9,Appeal Endures Bank,Boost Competition Lagarde,2
10,Appeal Endures Bank,China,3
11,China,Extending Incentive Offers South Korea Asks,3
12,Extending Incentive Offers South Korea Asks,US,3
13,David Beckham,US,2
14,David Beckham,Ukraine,1
15,Nancy Pelosi’s,Ukraine,3
16,Nancy Pelosi’s,Republican,3
17,Republican,the Eastern Front Futuristic,3
18,China,the Eastern Front Futuristic,3
19,China,US,2
20,New York City,US,2
21,Fremont,New York City,3
22,California,Fremont,3
23,California,Malathi Nayak,5
24,California,US,2
25,US,William Orrick,3
26,Tesla,William Orrick,3
27,Owen Diaz,Tesla,3
28,Diaz,Owen Diaz,2
0,FREE,SPY,2
1,QQQ,SPY,3
2,AMC,QQQ,3
3,AMC,APE,3
4,APE,GME,3
5,DWAC,GME,3
6,DWAC,HMBL,3
7,HMBL,RUM,3
8,NEPT,RUM,3
9,JNCE,NEPT,3
10,JNCE,KALA,3
11,GTII,KALA,3
12,CRTD,GTII,3
13,CRTD,STRY,3
14,Cramer,Jim Cramer,2
15,NYSE,Nasdaq,3
16,Insider Financial,NYSE,2
0,Jim Cramer's,Jim Cramer’s,1
1,CNBC,Jim Cramer's,2
2,CNBC,Jim Cramer,6
3,Federal Reserve,Jim Cramer,3
4,Federal Reserve,Microsoft Corporation,1
5,"Amazon.com, Inc.",Microsoft Corporation,9
6,"Amazon.com, Inc.",NASDAQ,9
7,Apple Inc.,NASDAQ,9
8,Apple Inc.,Jim Cramer,2
9,Fed,Jim Cramer,3
10,Apple,Fed,4
11,China,Fed,2
12,China,Russia,3
13,Russia,Ukraine,3
14,Cramer,Ukraine,3
15,Cramer,Fed,3
16,Big Tech,Fed,3
17,AMD,Big Tech,3
18,AMD,Nvidia,3
19,Jim Cramer,Nvidia,2
20,CNBC,Insider Monkey’s,2
21,Insider Monkey’s,"Tesla, Inc.",5
22,"Tesla, Inc.",the United States,3
23,China,the United States,3
24,China,"Tesla, Inc.",2
25,Mexico,"Tesla, Inc.",3
26,Cramer,Mexico,2
27,Cramer,"Tesla, Inc.",3
28,Canaccord,"Tesla, Inc.",1
29,Canaccord,George Gianarikas,3
30,George Gianarikas,"Tesla, Inc.",3
31,Cathie Wood’s ARK Investment Management,"Tesla, Inc.",2
32,Cathie Wood’s ARK Investment Management,Microsoft Corporation,2
33,Apple Inc.,"Tesla, Inc.",3
34,Jim Cramer’s,"Tesla, Inc.",5
35,Tesla,"Tesla, Inc.",2
36,Roger,Tesla,6
37,ICE,Tesla,2
38,ICE,Penske Automotive Group,2
39,EV,Penske Automotive Group,2
40,EV,Roger,2
41,General Motors,Roger,3
42,General Motors,General Motors’ ICE,2
43,General Motors’ ICE,Tesla,3
44,Tesla,"Workday, Inc.",1
45,NASDAQ,"Workday, Inc.",12
46,California,NASDAQ,6
47,California,the United States,3
48,Jim Cramer,the United States,2
49,Jim Cramer,"Workday, Inc.",2
50,Jefferies,NASDAQ,1
51,Brent Thill,Jefferies,3
52,Brent Thill,"Workday, Inc.",3
53,Carl Eschenbach,NASDAQ,2
54,Carl Eschenbach,"Workday, Inc.",2
55,NASDAQ,Stephen Mandel’s,2
56,RiverPark Large Growth Fund,Stephen Mandel’s,1
57,RiverPark Large Growth Fund,"Workday, Inc.",3
58,NYSE,"Workday, Inc.",3
59,NYSE,Workday,3
60,WDAY,Workday,2
61,WDAY,Workday HCM,3
62,Workday Financial Management,Workday HCM,3
63,Workday,Workday Financial Management,1
64,TAM,Workday,3
65,EPS,TAM,2
66,EPS,FCF,2
67,FCF,WDAY,3
68,Adobe Inc.,WDAY,2
69,Adobe Inc.,NASDAQ,25
70,California,Digital Media,3
71,Digital Experience,Digital Media,3
72,Digital Experience,Publishing and Advertising,3
73,Adobe Inc.,Publishing and Advertising,2
74,NASDAQ,Stifel,2
75,J. Parker Lane,Stifel,3
76,Adobe Inc.,J. Parker Lane,3
77,Digital,NASDAQ,3
78,Digital,Figma,2
79,Figma,Insider Monkey’s,2
80,Adobe Inc.,Insider Monkey’s,3
81,Ken Fisher’s,NASDAQ,2
82,Fisher Asset Management,Ken Fisher’s,3
83,Fisher Asset Management,Jackson Square Partners,2
84,Adobe Inc.,Jackson Square Partners,3
85,Boeing,NASDAQ,3
86,Boeing,Figma,2
87,Adobe,Figma,6
88,Adobe,Adobe’s,3
89,Adobe’s,Figma,2
90,Adobe,ServiceNow,2
91,NYSE,ServiceNow,9
92,California,NYSE,3
93,California,Jim Cramer,1
94,Baird,Jim Cramer,2
95,Baird,Rob Oliver,3
96,Neutral,Rob Oliver,3
97,Neutral,"ServiceNow, Inc.",3
98,NYSE,"ServiceNow, Inc.",6
99,Insider Monkey’s,"ServiceNow, Inc.",3
100,Chase Coleman’s,NYSE,2
101,Chase Coleman’s,Lakehouse Capital,1
102,Lakehouse Capital,ServiceNow,3
103,NYSE,US,3
104,ServiceNow,US,3
105,ACV,NYSE,2
106,ACV,US,5
107,ACV,ServiceNow,2
108,"Netflix, Inc.",ServiceNow,2
109,NASDAQ:NFLX,"Netflix, Inc.",29
110,Jim Cramer’s,NASDAQ:NFLX,3
111,Jim Cramer’s,"Netflix, Inc.",2
112,Fort Monmouth’s,NASDAQ:NFLX,3
113,Fort Monmouth’s,"Netflix, Inc.",1
114,Morgan Stanley,NASDAQ:NFLX,2
115,Benjamin Swinburne,Morgan Stanley,3
116,Benjamin Swinburne,"Netflix, Inc.",3
117,Insider Monkey’s,NASDAQ:NFLX,2
118,Insider Monkey’s,"Netflix, Inc.",3
119,Boykin Curry’s,NASDAQ:NFLX,1
120,Boykin Curry’s,Eagle Capital Management,3
121,Eagle Capital Management,Microsoft Corporation,2
122,Apple Inc.,"Netflix, Inc.",3
123,Jim Cramer,NASDAQ:NFLX,3
124,Jim Cramer,Netflix,2
125,NASDAQ:NFLX,Netflix,3
126,NASDAQ:NFLX,Vertex Pharmaceuticals,3
127,Netflix,Vertex Pharmaceuticals,2
128,Netflix,linear TV,2
129,Jim Cramer's,Netflix,2
130,Biggest Upside,Jim Cramer's,3
131,Insider Monkey,Jim Cramer's,3
0,Delta,Delta Air Lines,2
1,Delta,Goldman Sachs,2
2,Goldman Sachs,Tesla,3
3,Moderna,Tesla,1
4,Merck,Moderna,3
5,MRK,Merck,3
6,Keytruda,MRK,3
7,BofA Securities,Keytruda,2
8,Aspen Group,BofA Securities,2
9,ABM Industries,Aspen Group,2
10,ABM,ABM Industries,6
11,Darden Restaurants,Olive Garden,3
12,Olive Garden,Wedbush,3
13,Darden,Wedbush,3
14,Darden,PCAR,2
15,Morgan Stanley,PCAR,3
16,Morgan Stanley,Paccar,2
17,CNBC,Division of NBCUniversal Data,1
18,Division of NBCUniversal Data,Global Business and Financial News,2
19,Global Business and Financial News,Market Data and Analysis,3
0,Tesla,Tesla TSLA,1
1,Benzinga's,Benzinga.com,2
2,Benzinga,Benzinga.com,2
0,Greed,The CNN Money Fear,1
1,Greed,US,1
2,Nasdaq,US,1
3,Nasdaq,Reuters,1
4,Reuters,Shanghai,3
5,Shanghai,Southwest Airlines Co.,2
6,LUV,Southwest Airlines Co.,2
7,Dow,LUV,2
8,"33,241.56",Dow,3
9,Benzinga,Benzinga.com,2
0,Fed,U.S.,1
1,China,Fed,2
2,China,Direxion Daily,13
3,China,Direxion Daily TSLA,3
4,Direxion Daily TSLA,MicroSectors Travel -3x Inverse Leveraged ETN FLYD,3
5,Direxion Daily S&P Oil & Gas Exp,MicroSectors Travel -3x Inverse Leveraged ETN FLYD,3
6,DRIP,Direxion Daily S&P Oil & Gas Exp,4
7,DRIP,The Federal Reserve,1
8,Americans,ISM,2
9,Americans,U.S.,3
10,U.S.,the University of Michigan's,3
11,Consumer Confidence,the University of Michigan's,3
12,AUM,China,6
13,China,Tesla,2
14,Direxion Daily,Tesla,1
15,Direxion Daily,U.S.,1
16,U.S.,the RBICS Sub Industries,3
17,MicroSectors Travel -3x Inverse Leveraged ETN,the RBICS Sub Industries,1
18,Leveraged ETN,MicroSectors Travel -3x Inverse Leveraged ETN,2
19,GDXU,Leveraged ETN,6
20,Leveraged ETN,the S-Network MicroSectors Gold Miners,3
21,DRIP,Direxion Daily S&P Oil & Gas,3
22,Direxion Daily S&P Oil & Gas,the S&P Oil & Gas Exploration & Production Select Industry,2
23,Direxion Daily S&P Oil & Gas Exp,the S&P Oil & Gas Exploration & Production Select Industry,2
24,Direxion Daily,Zacks Investment Research,1
25,CWEB,China,3
26,CWEB,ETF Research Reports Direxion Daily S&P Oil & Gas Exp,3
27,DRIP,ETF Research Reports Direxion Daily S&P Oil & Gas Exp,2
28,DRIP,ETF Research Reports,3
29,ETF Research Reports,GDXU,3
30,ETF Research Reports MicroSectors,GDXU,3
31,ETF Research Reports Direxion Daily,ETF Research Reports MicroSectors,3
32,ETF Research Reports Direxion Daily,Zacks.com,3
33,Zacks Investment Research Related Quotes,Zacks.com,2
0,S3 Partners,Tesla’s,1
1,S3 Partners,Tesla,2
2,CNN,Tesla,5
3,Tesla,Twitter,1
4,Apple,Tesla,4
5,David Einhorn,Tesla,3
6,Ford,Tesla,2
7,Ford,GM,3
8,GM,Rivian,3
9,Joey Klender,Rivian,2
10,Twitter,tips@teslarati.com,3
11,Porsche,tips@teslarati.com,2
12,Porsche,Tesla China,2
13,Shanghai,Tesla China,3
14,Q4,Shanghai,2
0,Bloomberg,Musk,2
1,Bloomberg,Tesla TSLA,2
2,SEC,Tesla TSLA,2
3,Bloomberg,SEC,2
4,Bloomberg,the Musk Foundation,3
5,The Musk Foundation’s,the Musk Foundation,2
6,Bloomberg,The Musk Foundation’s,3
7,Bloomberg,St. Jude Children’s Research Hospital,3
8,St. Jude Children’s Research Hospital,the X Prize Foundation,3
9,Tesla,the X Prize Foundation,2
10,Musk,Tesla,2
11,Musk,the United Nations World Food Program,2
12,the United Nations World Food Program,the World Food Program,3
13,Twitter,the World Food Program,3
14,Musk’s,Twitter,2
15,Musk’s,The World Food Program,1
16,Musk,The World Food Program,3
17,Musk,WFP,3
18,MarketWatch,WFP,3
19,MarketWatch,Tesla,2
20,SpaceX,Tesla,3
21,SpaceX,Twitter,3
22,Tesla,Twitter,2
23,Neuralink,Tesla,3
24,Neuralink,The Boring Company,3
25,Musk,The Boring Company,3
26,Chris Anderson,Musk,3
27,Chris Anderson,TED Talks,3
28,Florida,SPX,2
29,Florida,Sam Bankman-Fried,3
30,Giving Pledge,Sam Bankman-Fried,3
31,Giving Pledge,Leslie Albrecht,2
32,Leslie Albrecht,New York,3
33,New York,New York City,2
34,DNAinfo,New York City,3
35,DNAinfo,the Modesto Bee,3
36,Merced Sun-Star,the Modesto Bee,3
37,McClatchy,Merced Sun-Star,3
38,California,McClatchy,3
39,California,the Columbia University Graduate School of Journalism,2
0,Treasury,Yasin Ebrahim Investing.com,1
1,Treasury,the Nasdaq Composite,1
2,Meta Platforms,the Nasdaq Composite,2
3,META,Meta Platforms,3
4,Apple,META,3
5,Apple,Treasury,2
6,Federal Reserve,Treasury,3
7,Federal Reserve,Jefferies,2
8,Jefferies,Netflix,2
9,CFRA,Netflix,3
10,CFRA,Elon Musk,2
11,Elon Musk,Twitter,2
12,Twitter,Wedbush,3
13,Musk,Wedbush,3
14,Musk,U.S.,2
15,Baker Hughes,U.S.,1
16,Baker Hughes,NYSE,3
17,NYSE,OKE,3
18,Halliburton,OKE,3
19,Halliburton,McDonald's Corporation,2
20,McDonald's Corporation,NYSE,3
21,MCD,NYSE,3
22,MCD,UK,3
23,Biden,UK,1
24,Biden,U.S.,2
25,Dow Jones Industrial Average,U.S.,2
0,FED,US,2
1,Accenture plc,NYSE,15
2,Huang,NYSE,1
3,Huang,JPMorgan,3
4,Accenture plc,JPMorgan,3
5,Ako Capital,NYSE,2
6,Ako Capital,Intel Corporation,2
7,Intel Corporation,KinNgai Chan,2
8,KinNgai Chan,Summit Insights,3
9,Intel Corporation,Summit Insights,3
10,Intel Corporation,Memory Protection Unit,4
11,Intel Corporation,Sigma Advisors,2
12,San Diego,Sigma Advisors,2
13,California,San Diego,3
14,California,QUALCOMM Incorporated,3
15,Melissa Fairbanks,QUALCOMM Incorporated,2
16,Melissa Fairbanks,Raymond James,3
17,QUALCOMM Incorporated,Raymond James,3
18,Matrix Capital Management,QUALCOMM Incorporated,2
19,Intuit Inc.,Matrix Capital Management,2
20,Intuit Inc.,QuickBooks,3
21,QuickBooks,Scott Schneeberger,1
22,Oppenheimer,Scott Schneeberger,3
23,Intuit Inc.,Oppenheimer,3
24,Intuit Inc.,Outperform,3
25,Outperform,YOY,2
26,Intuit Inc.,YOY,2
27,Fisher Asset Management,Intuit Inc.,2
28,Fisher Asset Management,Taiwan Semiconductor Manufacturing Company Limited,2
29,NYSE,Taiwan Semiconductor Manufacturing Company Limited,12
30,NYSE,TSM,12
31,TSM,Taiwan Semiconductor Manufacturing Company Limited,3
32,Arizona,"Tesla, Inc.",3
33,Taiwan Semiconductor Manufacturing Company Limited,"Tesla, Inc.",2
34,Berkshire Hathaway,TSM,2
35,Berkshire Hathaway,"Tesla, Inc.",2
36,American,"Tesla, Inc.",5
37,Mark Delaney,"Tesla, Inc.",2
38,Goldman Sachs,Mark Delaney,3
39,Goldman Sachs,"Tesla, Inc.",3
40,EPS,"Tesla, Inc.",2
41,ARK Investment Management,EPS,1
42,ARK Investment Management,NVIDIA Corporation,1
43,AI,NVIDIA Corporation,3
44,AI,Rajvindra Gill,1
45,Needham,Rajvindra Gill,3
46,NVIDIA Corporation,Needham,3
47,China,NVIDIA Corporation,4
48,Fisher Asset Management,NVIDIA Corporation,2
49,Fisher Asset Management,Santa Clara,2
50,California,Santa Clara,3
51,"Advanced Micro Devices, Inc.",California,3
52,"Advanced Micro Devices, Inc.",NASDAQ,6
53,AMD,NASDAQ,6
54,AMD,Ruben Roy,2
55,Ruben Roy,Stifel,3
56,"Advanced Micro Devices, Inc.",Stifel,3
57,AMD,YoY,2
58,Fisher Asset Management,YoY,1
59,Fisher Asset Management,Headquartered,1
60,Headquartered,San Jose,3
61,Adobe Inc.,San Jose,3
62,Adobe Inc.,NASDAQ,15
63,NASDAQ,Photoshop,3
64,Illustrator,Photoshop,3
65,Illustrator,InDesign,3
66,Brent Bracelin,InDesign,2
67,Brent Bracelin,Piper Sandler,3
68,Adobe Inc.,Piper Sandler,3
69,Fisher Asset Management,NASDAQ,2
70,Fisher Asset Management,The Walt Disney Company,2
71,NYSE,The Walt Disney Company,12
72,DIS,NYSE,12
73,DIS,The Walt Disney Company,2
74,DIS,Mickey Mouse,3
75,Marvel,Mickey Mouse,3
76,Disneyland,Marvel,2
77,Disneyland,Walt Disney World,3
78,Benjamin Swinburne,Walt Disney World,2
79,Benjamin Swinburne,Morgan Stanley,3
80,Morgan Stanley,The Walt Disney Company,3
81,DIS,Parks,2
82,EPS,Parks,3
83,EPS,The Walt Disney Company,2
84,DIS,Fisher Asset Management,2
85,Cap,Fisher Asset Management,2
86,Cap,Suggested Articles,2
87,Chamath Palihapatiya Stocks Disclosure: None,Suggested Articles,3
88,Cap,Chamath Palihapatiya Stocks Disclosure: None,2
89,Cap,Insider Monkey,3
0,EV,carlos aranda,2
1,Unsplash China,carlos aranda,3
2,Russian,the Economic Intelligence Unit,2
3,Russian,Ukraine,3
4,Suzuki Motor,USD,1
5,Suzuki Motor,TTM,1
6,BYD,TTM,5
7,France,TTM,3
8,France,Renault,3
9,Renault,TTM,2
10,South Korean,TTM,3
11,KIA,South Korean,1
12,KIA,TTM,2
13,Japanese,TTM,3
14,Japanese,Nissan,3
15,Infiniti,Nissan,3
16,Infiniti,TTM,2
17,TTM,"Tesla, Inc.",2
18,Elon Musk,"Tesla, Inc.",3
19,Elon Musk,Hyundai,2
20,Hyundai,Korea,5
21,Hyundai,South Korea,4
22,Hyundai,TTM,2
23,China,TTM,3
24,China,SAIC Motor,3
25,Baojun,SAIC Motor,2
26,Baojun,MG,3
27,MG,Roewe,3
28,Maxus,Roewe,3
29,Maxus,Volkswagen,3
30,Japan,TTM,3
31,"Honda Motor Co., Ltd.",Japan,3
32,"Honda Motor Co., Ltd.",NYSE,8
33,Japanese,NYSE,3
34,Japanese,the United States,3
35,Honda Motor Co.,the United States,1
36,Honda Motor Co.,NYSE,3
37,Honda,NYSE,3
38,Accord,Honda,3
39,Accord,CR-V,3
40,CR-V,U.S.,3
41,TTM,U.S.,2
42,Germany,TTM,3
43,BMW,Germany,3
44,BMW,Mercedes-Benz,5
45,BMW,Rolls-Royce,3
46,Rolls-Royce,the United States,2
47,General Motors Company,the United States,3
48,General Motors Company,NYSE,9
49,GM,NYSE,9
50,GM,Toyota,3
51,General Motors Company,Toyota,2
52,GM,General Motors Company,2
53,Buick,GM,3
54,Buick,GMC,3
55,Cadillac,GMC,3
56,Cadillac,Chevrolet,3
57,Suggested,US,3
58,Insider Monkey,US,2
0,Russia,Ukraine,3
1,General Motors GM,Ukraine,1
2,Ford,General Motors GM,3
3,Ford,Stellantis STLA,3
4,Honda,Stellantis STLA,3
5,Honda,Russia,3
6,Historically Low Inventory Levels,Russia,4
7,Russia,the United States,1
8,Fed,Vehicle Affordability,3
9,Biden,Bill Supercharges,3
10,Biden,U.S.,3
11,EV,U.S.,2
12,EV,EV Rollouts,2
13,EV Rollouts,Massive Battery Investments,3
14,Ford’s F-150 Lightning Pro,Massive Battery Investments,2
15,Ford’s F-150 Lightning Pro,General Motors,3
16,Cadillac,General Motors,3
17,Cadillac,EV,1
18,EV,Honda,2
19,Honda,LG Energy Solutions,3
20,LG Energy Solutions,the United States,3
21,Stellantis,the United States,2
22,LG Energy,Stellantis,3
23,EV,LG Energy,3
24,EV,Ontario,3
25,Ontario,Samsung,2
26,Indiana,Samsung,3
27,Hyundai,Indiana,2
28,AV,Hyundai,1
29,AV,Ford,6
30,AV,Argo AI,3
31,Argo AI,Tesla TSLA,2
32,General Motors,Tesla TSLA,2
33,GM,General Motors,2
34,Cruise,GM,3
35,Cruise,U.S.,2
36,SoftBank Vision Fund,U.S.,3
37,Cruise,SoftBank Vision Fund,3
38,Cruise,Cummins,2
39,Cummins,Meritor,6
40,Cummins,Tenneco,2
41,Apollo Funds,Tenneco,3
42,Apollo Funds,Apollo Global,3
43,Apollo Global,EV,2
44,Burning Cash,EV,3
45,Burning Cash,the EV SPAC party,3
46,EV,the EV SPAC party,2
47,"Canoo, Lordstown Motors",EV,2
48,"Canoo, Lordstown Motors",Faraday Future,3
49,Carvana,Carvana’s Drastic Crash,3
50,EV,Tesla,3
51,Musk,Tesla,5
52,Musk,Twitter,5
53,Tesla’s,Twitter,3
54,Tesla,Tesla’s,1
55,Tesla,Twitter,2
56,Tesla,the Federal Reserve’s,4
57,Tesla,Zacks Rank,2
58,Zacks Investment Research,Zacks Rank,2
59,Ford Motor Company,Zacks Investment Research,1
60,Ford Motor Company,"Honda Motor Co., Ltd.",2
61,Free Stock Analysis Report,"Honda Motor Co., Ltd.",2
62,Free Stock Analysis Report,General Motors Company,3
63,GM,General Motors Company,3
64,"Free Stock Analysis Report Tesla, Inc.",GM,2
65,Free Stock Analysis Report,"Free Stock Analysis Report Tesla, Inc.",1
66,Free Stock Analysis Report,Zacks.com,3
67,Zacks Investment Research Related Quotes,Zacks.com,2
0,Morgan Stanley,Tesla,7
1,NASDAQ,Tesla,3
2,Adam Jonas,Morgan Stanley,3
3,Adam Jonas,Tesla,3
4,EV/EBITDA,Tesla,3
5,EV/EBITDA,US,3
6,Morgan Stanley,US,1
7,Elon,Tesla,8
8,Tesla,Tesla's EVs,2
9,China,Tesla's EVs,2
10,China,Tesla,2
11,Elon,Twitter,3
12,Tesla,Twitter,3
13,Gwynne Shotwell,Tesla,2
14,Gwynne Shotwell,Musk,3
15,Musk,Twitter,3
16,Tesla,US,3
17,FTC,US,2
18,Electrek,YouTube,3
19,Twitter,Zalkon.com,3
20,Fred,Zalkon.com,3
21,Fred,Fred Lambert ChargePoint,2
0,Apple (AAPL,Tesla,2
1,Elon Musk,Tesla,3
2,Elon Musk,Tesla’s,2
3,Apple,Tesla,12
4,Apple,Saudi Aramco,8
5,Saudi Aramco,Tesla,2
6,Tesla,Tesla Optimus,1
7,Apple and,Tesla Optimus,3
8,Apple and,Aramco,3
9,Aramco,FTC,2
10,Electrek,YouTube,3
11,Twitter,Zalkon.com,3
12,Fred,Zalkon.com,3
13,Fred,Fred Lambert ChargePoint,2
0,EV,Tesla,2
1,TSLA,Tesla,6
2,Fed,Tesla’s,2
3,Fed,Tesla,2
4,Tesla’s,’s,3
5,the Zacks Consensus Estimate,’s,2
6,Musk,Twitter,5
7,Musk,Tesla,3
8,China,Tesla,2
9,China,Model 3,5
10,EPS,Tesla,1
11,Berlin,EPS,2
12,Austin,Berlin,3
13,Austin,Semi,3
14,Cybertruck,Semi,3
15,Cybertruck,Tesla,1
16,Megapack,Tesla,2
17,Megapack,Powerwall,3
18,Powerwall,Tesla,2
19,TSLA’s,Tesla,1
20,EPS,TSLA’s,3
21,Tesla,U.S.,2
22,Tesla,Zacks #,3
23,Tesla,Zacks Rank,3
24,Harley-Davidson HOG,Zacks Rank,2
25,Harley-Davidson,Harley-Davidson HOG,3
26,HOG,Harley-Davidson,2
27,HOG,The Zacks Consensus Estimate,2
28,Harley-Davidson’s,The Zacks Consensus Estimate,3
29,EPS,Harley-Davidson’s,3
30,EPS,HOG,2
31,HOG,PCAR,3
32,PACCAR,PCAR,3
33,Kenworth,PACCAR,3
34,Kenworth,Peterbilt,3
35,DAF,Peterbilt,3
36,DAF,PCAR,2
37,PCAR,The Zacks Consensus Estimate,2
38,PACCAR,The Zacks Consensus Estimate,3
39,EPS,PACCAR,3
40,EPS,PCAR,2
41,PCAR,Zacks Investment Research,1
42,HarleyDavidson,Zacks Investment Research,1
43,HOG,HarleyDavidson,3
44,PCAR,Zacks.com,1
45,Zacks Investment Research Related Quotes,Zacks.com,2
0,EPS,Tesla,1
1,Tesla’s,Zacks Investment Research Outlook,1
2,TSLA,Zacks Investment Research Outlook,3
3,TSLA,Zacks Investment Research Earnings,2
4,Premium & Valuation Trading,TSLA,5
5,TSLA,Tesla,1
6,EV,Tesla,3
7,"45,336X",EV,3
8,"45,336X",General Motors GM,3
9,Ford,General Motors GM,3
10,Ford,Zacks Investment Research Tesla’s,2
11,Zacks Investment Research Tesla’s,Zacks Rank,2
12,Automotive-Domestic Industry,Zacks Rank,3
13,Automotive-Domestic Industry,Zacks Industries,3
14,Tesla,Zacks Industries,2
15,Zacks Investment Research,Zacks Price Target,2
16,"Tesla, Inc.",Zacks Investment Research,1
17,Ford Motor Company,"Tesla, Inc.",2
18,Ford Motor Company,GM,2
19,GM,Zacks.com,2
20,Zacks Investment Research Related Quotes,Zacks.com,2
0,Tesla,Tesla’s,4
1,Elon Musk,Tesla,5
2,Adam Jonas,Tesla,1
3,Adam Jonas,Morgan Stanley,3
4,Morgan Stanley,Tesla,3
5,EV,Tesla’s,3
6,EV,Tesla,2
7,Citi,Tesla,5
8,Citi,Itay Michaeli,3
9,Itay Michaeli,Tesla,3
10,Michaeli,Tesla,2
11,Citi,Michaeli,3
12,Dan Ives,Tesla,2
13,Dan Ives,Wedbush Securities,3
14,Tesla,Wedbush Securities,3
15,China,USA,2
16,Tesla,USA,2
17,FTC,Tesla,1
18,Electrek,YouTube,3
19,Twitter,Zalkon.com,3
20,Fred,Zalkon.com,3
21,Fred,Fred Lambert ChargePoint,2
0,Elon Musk,Nasdaq,1
1,Nasdaq,Tesla,2
2,Dojo,Tesla,2
3,Tesla Bot,the Tesla Bot,2
4,Boston Dynamics,the Tesla Bot,2
5,Boston Dynamics,Tesla,2
6,Boston Dynamics’s,Tesla,3
7,Boston Dynamics’s,Tesla Bot,3
8,Tesla,Tesla Bot,1
9,Musk,Tesla,4
10,Musk,Tesla Bot,6
11,Electrek,YouTube,3
12,Twitter,Zalkon.com,3
13,Fred,Zalkon.com,3
14,Fred,Fred Lambert ChargePoint,2
0,Forbes Advisor,Tesla,2
1,TSLA,Tesla,8
2,Canada,TSLA,7
3,Canada,Canadian,5
4,Canadian,Tax-Free Savings,2
5,Registered Education Savings,Tax-Free Savings,3
6,Registered Education Savings,TFSA,2
7,RRSP,TFSA,2
8,IRS,RRSP,2
9,Canadian,IRS,3
10,Canadian,Uncle Sam,3
11,RRSP,Uncle Sam,3
12,Canadians,IRS,6
13,CRA,IRS,3
14,Tesla’s,the Securities and Exchange Commission’s,3
15,SEC,the Securities and Exchange Commission’s,3
16,Morningstar,SEC,1
17,Globe Investor,Morningstar,3
18,Forbes,Globe Investor,3
19,Forbes,Tesla,2
20,Tesla,the Nasdaq exchange,3
21,American,TSLA,6
22,Canadian,U.S.,3
23,American,U.S.,9
24,Norbert,U.S.,2
25,American,Norbert,2
26,American,Canadian,9
27,U.S.,the U.S. dollars,3
28,American,the U.S. dollars,3
29,Canadian,Tesla,2
30,Tesla,the S&P 500,4
31,Canadians,Tesla,1
32,IRS,U.S.,3
33,CRA,Canada,3
34,CRA,USD,2
35,IRS,USD,3
36,CFP,Valerie Rivera,3
37,CFP,Facet Wealth,3
38,Facet Wealth,Tesla,2
39,Nasdaq,Tesla,5
40,Kat Tretina,Tesla,1
41,Kat Tretina,Orlando,3
42,FL,Orlando,3
43,Aaron Broverman,FL,1
44,Aaron Broverman,Forbes Advisor,3
45,Canada,Forbes Advisor,3
46,Canada,Creditcards.com,2
47,Creditcards.com,Yahoo Finance Canada,3
48,Nerd Wallet Canada,Yahoo Finance Canada,3
49,Nerd Wallet Canada,Waterloo,2
50,Ontario,Waterloo,2
0,Elon Musk,Tesla,5
1,Musk,Tesla’s,3
2,Charge.org,Tesla’s,2
3,Alexandra Merz,Charge.org,3
4,Alexandra Merz,Tesla,3
5,Tesla,the Board of Tesla Inc.,3
6,Share Buybacks,the Board of Tesla Inc.,3
7,Share Buybacks,Tesla,1
8,Electrek,YouTube,3
9,Twitter,Zalkon.com,3
10,Fred,Zalkon.com,3
11,Fred,Fred Lambert ChargePoint,2
0,Bloomberg's Alix Steel,Paul Sweeney,2
1,Bloomberg Intelligence,Paul Sweeney,2
2,Bloomberg Intelligence,Gina Champion-Cain,2
3,Gina Champion-Cain,San Diego,3
4,Ponzi,San Diego,2
5,Ponzi,UK Passengers Return,2
6,UK Passengers Return,Work Israel’s,3
7,Eyes Measures,Work Israel’s,3
8,Boost Competition Lagarde,Eyes Measures,3
9,Appeal Endures Bank,Boost Competition Lagarde,2
10,Appeal Endures Bank,China,3
11,China,Extending Incentive Offers South Korea Asks,3
12,Extending Incentive Offers South Korea Asks,US,3
13,David Beckham,US,2
14,David Beckham,Ukraine,1
15,Nancy Pelosi’s,Ukraine,3
16,Nancy Pelosi’s,Republican,3
17,Republican,the Eastern Front Futuristic,3
18,China,the Eastern Front Futuristic,3
19,China,US,2
20,New York City,US,2
21,New York City,Tesla Inc.,3
22,Tesla Inc.,US,1
0,Elon Musk,Tesla,1
1,Elon Musk,"Twitter, Inc.",1
2,TWTR,"Twitter, Inc.",1
3,Securities and Exchange Commission,TWTR,1
4,SEC,Securities and Exchange Commission,1
5,SEC,Tesla,3
6,SEC,SpaceX,2
7,SpaceX,Tesla,3
8,EV,Tesla,3
9,EV,Musk,5
10,EV,Twitter,3
11,Tesla,Twitter,7
12,Musk,Tesla,7
13,Musk,Twitter,2
14,Twitter,Wedbush,2
15,Dan Ives,Wedbush,3
16,Dan Ives,Gary Black,2
17,Gary Black,Tesla,3
18,Reuters,Securities and Exchange Commission,1
19,MarketWatch,Reuters,1
20,Amid Twitter Fight,MarketWatch,2
21,Amid Twitter Fight,Dotdash Meredith,2
22,Cookies Settings,Dotdash Meredith,1
0,Elon Musk,Tesla TSLA,1
1,Tesla TSLA,Twitter TWTR,1
2,EV,Twitter TWTR,1
3,EV,TWTR,2
4,TSLA AI Day 2022,TWTR,1
5,Optimus,TSLA AI Day 2022,2
6,AI,Optimus,3
7,AI,Tesla’s,2
8,Optimus,Tesla’s,3
9,AI,Tesla,3
10,EV,Tesla,2
11,China,Tesla,3
12,China,Germany,3
13,Germany,Texas,3
14,Tesla,Twitter,9
15,TWTR,Twitter,2
16,Musk,TWTR,3
17,Musk,Twitter,15
18,TWTR,Tesla,5
19,Musk,Tesla,2
20,Delaware,Musk,2
21,Delaware,TWTR,1
22,TSLA,TWTR,5
23,TSLA,Tesla,2
24,Musk,Neuralink,3
25,Neuralink,The Boring Company,3
26,TWTR,Zacks Rank,3
27,Zacks Investment Research,Zacks Rank,1
28,"Tesla, Inc.",Zacks Investment Research,1
29,TWTR,"Tesla, Inc.",2
30,TWTR,Zacks.com,2
31,Zacks Investment Research Related Quotes,Zacks.com,2
0,Tesla,Twitter,5
1,Tesla,Tesla’s,6
2,Tesla,republican,2
3,Morgan Stanley,republican,1
4,Morgan Stanley,Tesla,9
5,Adam Jonas,Tesla,2
6,Adam Jonas,Twitter,2
7,EV,Tesla,5
8,EV,Tesla’s,5
9,Musk,Tesla’s,1
10,Musk,Tesla,3
11,FTC,Tesla,1
12,Electrek,YouTube,3
13,Twitter,Zalkon.com,3
14,Fred,Zalkon.com,3
15,Fred,Fred Lambert ChargePoint,2
0,KoGuan Leo,Tesla,22
1,Larry Ellison,Tesla,4
2,Columbia University,Larry Ellison,1
3,Columbia University,New York Law School,3
4,New York Law School,SHI International Corp,3
5,KoGuan Leo,SHI International Corp,2
6,KoGuan Leo,Musk,5
7,Musk,Tesla,17
8,Ellison,Musk,3
9,Ellison,Tesla,3
10,Elon Musk+Larry Ellison,Tesla,5
11,Robert Frost’s,Tesla,2
12,Robert Frost’s,Tesla’s,1
13,Tesla,Tesla’s,5
14,Larry Ellison,Oracle’s,3
15,Oracle’s,Tesla,3
16,Tesla,Tesla Ellison,1
17,Tesla Ellison,Tesla’s,3
18,KoGuan Leo’s Twitter,Tesla,4
19,FTC,Tesla,2
20,Electrek,YouTube,3
21,Twitter,Zalkon.com,3
22,Fred,Zalkon.com,3
23,Fred,Fred Lambert ChargePoint,2
0,Tesla,"Tesla, Inc.",1
1,SEC,"Tesla, Inc.",1
2,SEC,Tesla,2
3,Reuters,"Tesla, Inc.",1
4,Company News Company Shareholder News Company Shareholder News Company News FAANG,Tesla Stock,2
5,Company News Company Shareholder News Company Shareholder News Company News FAANG,FAAMG Companies Company Shareholder News,3
6,Dotdash Meredith,FAAMG Companies Company Shareholder News,3
7,Cookies Settings,Dotdash Meredith,1
0,Funds,"Tesla, Inc.",3
1,Austin,"Tesla, Inc.",2
2,Austin,Texas,3
3,"Tesla, Inc.",Texas,3
4,Tesla,"Tesla, Inc.",2
5,Shanghai,Tesla,3
6,Berlin,Shanghai,2
7,Austin,Berlin,3
8,Austin,Tesla,1
9,Tesla,U.S.,5
10,Optimus,Tesla,2
11,Optimus,YouTube,3
12,Tesla,YouTube,2
13,"Hadrian / Shutterstock.com Tesla, Inc.",Tesla,2
14,"Hadrian / Shutterstock.com Tesla, Inc.","Tesla, Inc.",2
15,Q3 2022,"Tesla, Inc.",2
16,Q3 2022,Suggested Articles,2
0,Google,Search,1
0,Zacks.com,iPhones,1
1,The Zacks Computer - Mini,iPhones,2
2,Apple,The Zacks Computer - Mini,3
3,Apple,the Zacks Consensus Estimate,2
4,-1,Apple,2
5,-1,the Zacks Rank,2
6,Apple,the Zacks Rank,2
7,Apple,Zacks Rank,5
8,EPS,Zacks Rank,2
9,EPS,the Zacks Consensus Estimate,4
10,the Zacks Style Scores,the Zacks Value Style Score,3
11,Apple,the Zacks Value Style Score,2
12,Apple,Zacks.com,4
13,Zacks Investment Research,Zacks Rank,2
14,Apple Inc.,Zacks Investment Research,1
15,Apple Inc.,Zacks.com,2
16,Zacks Investment Research Related Quotes,Zacks.com,2
0,David Gardner,Tom,4
1,David Gardner,Motley Fool,1
2,Learn More,Motley Fool,2
3,Apple,Learn More,3
4,Apple,China,17
5,Apple,EPS,7
6,China,EPS,2
7,China,Foxconn,2
8,Apple,Foxconn,3
9,Apple,Zhengzhou,3
10,China,Zhengzhou,3
11,Apple,Pro Max,3
12,China,Pro Max,2
13,Apple,Vietnam,3
14,India,Vietnam,3
15,India,iPhone and Mac,2
16,Taiwan Semiconductor Manufacturing's,iPhone and Mac,3
17,Arizona,Taiwan Semiconductor Manufacturing's,3
18,Arizona,Taiwan,3
19,Apple,Taiwan,2
20,Apple,VR,3
21,AR,VR,3
22,AR,Apple,2
23,Apple,Apple Music,6
24,Apple,Apple Arcade,3
25,Apple Arcade,Apple Fitness+,3
26,Apple Fitness+,Spotify,2
27,Netflix,Spotify,3
28,Amazon,Netflix,3
29,Amazon,Peloton,3
30,Apple,Peloton,2
31,Amazon,Apple,2
32,Apple,John Mackey,2
33,John Mackey,Whole Foods Market,3
34,Amazon,Whole Foods Market,3
35,Amazon,Leo Sun,2
36,Amazon.com,Leo Sun,3
37,Amazon.com,Apple,8
38,Apple,Netflix,3
39,Netflix,Peloton Interactive,3
40,Peloton Interactive,Spotify Technology,3
41,Spotify Technology,Taiwan Semiconductor Manufacturing,3
42,Apple,Taiwan Semiconductor Manufacturing,2
0,Brian Sozzi,Yahoo Finance's,1
1,Apple,Brian Sozzi,1
2,Apple,China,2
3,China,Citi,2
4,Citi,Jim Suva,2
5,Jim Suva,Yahoo Finance,2
6,Apple,Yahoo Finance,2
0,Jamil Steve Jobs,Shahid Jamil Shahid,1
1,Jamil Steve Jobs,Ronald Wayne,1
2,Ronald Wayne,Steve Wozniak,1
3,Apple,Steve Wozniak,1
4,Apple,Steve Jobs',1
5,AAPL,Steve Jobs',1
6,Apple,Steve Jobs,2
7,Steve Jobs,Tim Cook,7
8,Steve Jobs,Thomas Edison,3
9,Leonardo da Vinci,Thomas Edison,3
10,Apple,Leonardo da Vinci,2
11,Apple,U.S.,5
12,China,U.S.,5
13,Microsoft,U.S.,3
14,AAPL,Chart,2
15,Chart,U.S.,3
16,AAPL,U.S.,3
17,AAPL,MSFT,3
18,MSFT,Nasdaq,2
19,Chart,Nasdaq,5
20,Matt Maley,Nasdaq,1
21,Matt Maley,Miller Tabak,3
22,Apple,Miller Tabak,2
23,Chinese,U.S.,1
24,U.S.,Washington,2
25,D.C.,Washington,3
26,Beijing,D.C.,3
27,Beijing,Chinese,3
28,Chinese,TikTok,3
29,China,TikTok,3
30,AAPL,Apple,2
31,AAPL,Steve Jobs,2
32,AAPL,Tim Cook,1
33,Andy,Phillip Brothers,3
34,Phillip Brothers,Salomon Brothers,3
35,Citigroup,Salomon Brothers,3
0,The US Labor Department,US,1
1,Fed,The US Labor Department,2
2,"Amazon.com, Inc. AMZN",Fed,1
3,"Amazon.com, Inc. AMZN",Tesla Inc TSLA,3
4,Dow Jones,Tesla Inc TSLA,1
5,Apple Inc.,Dow Jones,3
6,Apple Inc.,The Chicago Board Options Exchange's,1
7,CBOE,The Chicago Board Options Exchange's,3
8,CBOE,VIX,3
9,Benzinga.com,VIX,2
10,Benzinga,Benzinga.com,2
0,Apple Inc.,The Zacks Research Daily,1
1,Apple Inc.,Johnson & Johnson,4
2,JNJ,Johnson & Johnson,2
3,CSX Corporation,JNJ,2
4,CSX,CSX Corporation,2
5,Energy,Zacks,2
6,Zacks,the Construction (Negative revision,3
7,Consumer Discretionary,the Construction (Negative revision,3
8,Consumer Discretionary,Retail,3
9,Retail,Tech,3
10,Aerospace,Tech,3
11,Aerospace,Transportation,3
12,Transportation,Utilities,2
13,Fed,Utilities,2
14,Fed,U.S.,2
15,Energy,U.S.,1
16,Energy,Featured Research Reports,2
17,Apple,Featured Research Reports,3
18,Apple,Zacks Tech,3
19,Zacks,Zacks Tech,2
20,Apple’s,Zacks,3
21,Apple’s,iPhone,3
22,Chinese,iPhone,3
23,Chinese,Foxconn’s,3
24,Foxconn’s,Zhengzhou,3
25,Apple,Zhengzhou,2
26,Apple,Services,3
27,Apple,Johnson & Johnson,2
28,Johnson & Johnson,the Zacks Large Cap Pharmaceuticals,3
29,Zacks,the Zacks Large Cap Pharmaceuticals,2
30,J&J’s,Zacks,3
31,J&J’s,MedTech,3
32,J&J,MedTech,2
33,J&J,Stelara’s,2
34,J&J,Johnson & Johnson,2
35,CSX,Johnson & Johnson,3
36,CSX,the Zacks Transportation - Rail,3
37,Zacks,the Zacks Transportation - Rail,2
38,CSX,Zacks,3
39,CSX,Halliburton Company (HAL,2
40,"American International Group, Inc.",Halliburton Company (HAL,3
41,AIG,"American International Group, Inc.",3
42,AIG,"CenterPoint Energy, Inc.",3
43,CNP,"CenterPoint Energy, Inc.",3
44,CNP,Sheraz Mian,2
45,Sheraz Mian,the Zacks Equity Research,3
46,Benefit Apple,CSX,3
47,CNP,CSX,3
48,CNP,Supply Chain Issue Woes,3
49,Supply Chain Issue Woes,Zacks,3
50,CenterPoint Energy,Zacks,3
51,Akamai,Zacks,3
52,Akamai,Coty's,2
53,Coty's,Zacks,3
54,Coty,Zacks,3
55,Chinese,Coty,2
56,Chinese,Focus & Low Costs Aid Interactive Brokers,2
57,Focus & Low Costs Aid Interactive Brokers,IBKR,3
58,IBKR,Zacks,3
59,Interactive Brokers',Zacks,3
60,Interactive Brokers',JAKKS Pacific,2
61,JAKKS Pacific,Zacks,3
62,JAKKS Pacific's,Zacks,3
63,AIG,JAKKS Pacific's,1
64,AIG,Zacks,3
65,Thrombectomy Portfolio Aid Surmodics,Zacks,3
66,Surmodics,Zacks,3
67,New Upgrades Halliburton (HAL,Surmodics,2
68,New Upgrades Halliburton (HAL,North American,3
69,North American,Zacks,3
70,Halliburton,Zacks,3
71,Halliburton,North American,3
72,North American,ProPetro,2
73,PUMP,ProPetro,3
74,Debt-Free Balance Sheet,PUMP,3
75,Debt-Free Balance Sheet,Zacks,3
76,ProPetro,Zacks,3
77,ProPetro,Reinsurance Group,2
78,Reinsurance Group,Solid U.S. &,3
79,Latin American,Solid U.S. &,3
80,Latin American,Zacks,3
81,U.S.,Zacks,3
82,Latin American,U.S.,3
83,C.H. Robinson,Latin American,2
84,C.H. Robinson,Zacks,3
85,C.H. Robinson's,Zacks,2
86,C.H. Robinson's,CHRW,2
87,CHRW,Supply-Chain Constraints Hurt Zebra Technologies,2
88,Supply-Chain Constraints Hurt Zebra Technologies,Zacks,3
89,Zacks,Zebra Technologies,3
90,Soft Print Advertising Revenue a Worry for News Corp,Zebra Technologies,1
91,News Corporation,Soft Print Advertising Revenue a Worry for News Corp,3
92,News Corporation,Zacks,2
93,Zacks,Zacks Investment Research,2
94,Apple Inc.,Zacks Investment Research,1
95,"American International Group, Inc.",CSX,2
96,"American International Group, Inc.","Free Stock Analysis Report CenterPoint Energy, Inc.",2
97,CNP,"Free Stock Analysis Report CenterPoint Energy, Inc.",3
98,CNP,Zacks.com,2
99,Zacks Investment Research Related Quotes,Zacks.com,2
0,Mario Tama Mario Tama Apple,Tim Cook,1
1,Japanese,Tim Cook,1
2,Fumio Kishida,Japanese,1
3,Fumio Kishida,Japan,1
4,Cook,Japan,1
5,Cook,Kishida,7
6,Apple,Kishida,1
7,Apple,iPhones,3
8,Morgan Stanley,iPhones,2
9,Apple (AAPL,Morgan Stanley,3
10,Apple,Apple (AAPL,1
11,Apple,China,2
0,Apple Inc AAPL,Gene Munster,1
1,Apple,Gene Munster,2
2,Apple,Munster,10
3,CNBC,Munster,9
4,CNBC,Squawk Box,3
5,China,Squawk Box,2
6,China,Munster,2
7,Cupertino,Munster,3
8,Apple,Cupertino,3
9,Apple,iPhone,3
10,Munster,iPhone,5
11,Apple,Taiwan Semiconductor Manufacturing Co. Ltd. TSM,3
12,Taiwan Semiconductor Manufacturing Co. Ltd. TSM,iPhone,2
13,Apple,TSMC,3
14,Munster,TSMC,2
15,Apple,CNBC,3
16,Apple,Apple Hits Fresh,5
17,Apple,Benzinga Pro,6
18,Apple,Benzinga.com,2
19,Benzinga,Benzinga.com,2
0,Apple,Compounder,5
1,Apple,FCF,2
2,FCF,ROE,3
3,EPS,Tim Cook,2
4,EPS,iPhones,1
5,iGadgets,iPhones,3
6,Berkshire Hathaway,iGadgets,1
7,Berkshire Hathaway,Tim Cook,3
8,Apple,Tim Cook,3
9,Apple,China,15
10,Apple,EPS,16
11,Apple,S&P,5
12,Apple,iPhone,2
13,EPS,iPhone,3
14,iPhone,iPhone Unit Sales,2
15,Apple iPhone,iPhone Unit Sales,2
16,Apple iPhone,Morgan Stanley,2
17,Morgan Stanley,iPhone,3
18,Apple’s,China,3
19,China,iPhones,3
20,US,iPhones,2
21,China,US,3
22,China,India,4
23,China,the Chinese Communist Party,2
24,Apple,the Chinese Communist Party,3
25,Apple,Taiwan,8
26,Apple,Russia,2
27,Russia,Ukraine,3
28,China,Ukraine,3
29,China,Taiwan,5
30,Alibaba,Taiwan,2
31,Apple,CFO,3
32,CFO,the Wall Street Journal,3
33,Apple,the Wall Street Journal,2
34,Apple,businessofapps Services,5
35,Apple,Korea,2
36,Korea,UK,3
37,UK,US,3
38,EU,US,3
39,Apple,EU,3
40,Apple,"Apple, Apple",2
41,"Apple, Apple",Visa,2
42,Mastercard,Visa,3
43,Apple,Mastercard,3
44,Apple,Meta Platforms,1
45,META,Meta Platforms,3
46,Apple,META,2
47,Apple,Today Apple,2
48,Apple,Bloomberg,9
49,Bloomberg,EV/EBITDA,2
50,Apple,EV/EBITDA,2
51,Apple’s EV/EBITDA,S&P,2
52,Apple EV/EBITDA Valuation,Apple’s EV/EBITDA,2
53,Apple,Apple EV/EBITDA Valuation,3
54,Apple,Google,5
55,Apple,Microsoft,2
56,Microsoft,Oracle,3
57,ORCL,Oracle,3
58,Google,ORCL,2
59,EPS,Google,3
60,Apple,Oracle,2
61,EPS,Oracle,3
62,Apple,iPad,3
63,iPad,iPhone,3
64,China,iPhone,2
65,China,Google,3
66,Dodd/Buffett,Graham,3
67,Dodd/Buffett,Vanderbilt University,2
68,Northwestern,Vanderbilt University,3
69,Kellogg School of Management,Northwestern,3
70,Charlotte,Kellogg School of Management,3
71,Charlotte,NC,3
72,NC,NJ Value Investor,2
73,Cash Flow Compounders,NJ Value Investor,3
74,Cash Flow Compounders,MSFT,2
0,Quiller Media,Us,1
1,Apple,Us,2
2,Apple,China,3
3,China,JP Morgan,3
4,Apple Product Availability Tracker,JP Morgan,6
5,Apple Product Availability Tracker,AppleInsider,4
6,AppleInsider,JP Morgan,4
7,Apple,JP Morgan,15
8,Apple,Foxconn,4
9,Foxconn,Zhengzhou,10
10,Foxconn,JP Morgan,4
11,JP Morgan,Max,4
12,Max,Zhengzhou,6
13,JPM,Zhengzhou,4
14,JPM,Max,10
15,JPM,iPhone,4
16,Apple,iPhone,8
17,Apple,Total iPhone,2
18,Total iPhone,iPhone,2
19,Apple,JPM,4
20,JP Morgan,JPM,2
21,Apple,JP Morgan's,4
22,Apple,Disney,10
23,Apple,Chinese,6
24,Chinese,JP Morgan,6
25,Apple,iPad,7
26,Apple Silicon,iPad,5
27,Apple,Microsoft,2
28,Intel,Microsoft,3
29,Apple,Intel,3
30,Microsoft,iPad,1
31,Microsoft,Surface Laptop 5,3
32,Apple,Surface Laptop 5,3
33,Apple,The Bose QuietComfort Earbuds II,1
34,Macs Best,The Bose QuietComfort Earbuds II,1
35,Macs Best,iPhone,3
36,iPad Apple Music,iPhone,3
37,FBI,iPad Apple Music,3
38,De Niro's,FBI,3
39,De Niro's,iPad,3
40,Apple Store,iPad,3
41,Apple Store,Studio Display,3
42,Studio Display,TurboTax Home & Business,3
43,JP Morgan's,TurboTax Home & Business,3
44,Apple,ProDock,2
45,Brydge,ProDock,3
46,Brydge,Thunderbolt,3
47,MacBook Pro,Thunderbolt,3
48,iPhone,the Pohl Schmitt Body Fat Bathroom Scale,2
49,Apple Health,the Pohl Schmitt Body Fat Bathroom Scale,3
50,Apple Health,iPad,1
51,The Meross Smart Garage Door Opener,iPad,2
52,HomeKit,The Meross Smart Garage Door Opener,3
53,Foldable Power Station,HomeKit,2
54,AppleInsider,Foldable Power Station,2
